AirQuality,Temperature,DeforestationRate,SpeciesDiversity,ReproductiveRates
0.03275665597586335,-0.4804082983097881,0.7141024116595984,0.967517151330692,0.5614141308477283
0.08557558955408917,-0.7153735653491619,-0.013570578586555027,0.6555706714422025,0.7894686533922748
-0.3729270690397557,-1.784971066537484,-0.94773660185648545,-1.1780274958237862,-1.1913674569424588
-0.07348942719400703,0.05924185390262529,0.0964341795360073,-1.040932039849965,0.9606315729482752
-2.9185958331556887,-0.18993266358601552,0.44112803990065785,0.93048498583344,1.6325473134576138
-0.1405801560663209,-0.9264856577242846,-2.06736639725235,-0.6620005335196206,-2.2056303581761485
-0.7540881260158311,-0.1446047823708446,0.13282707130219062,0.44216050058890477,-1.535444815563527
2.081104046293853,2.0014687719500777,0.8567589363022864,0.2163136721190787,-1.097996275088528
0.4069050341618522,1.7172789074473898,-0.07234632556355125,-0.5945854523223315,1.3207969895834764
0.43897193362695053,-0.34614923368686645,0.17910091129818778,1.0652014715650417,0.02308579607238634
0.24519520254745236,1.0700127528165437,-1.9186318813588725,-0.6360415604749063,-3.087373520943431
1.7508790645546508,1.1924117872169993,-1.4151381382803092,-1.1458356644806447,-1.618317062880483
-0.6877741936452266,-1.2585001126792559,0.8115141370693574,-1.2362695050704544,1.0933812913298275
-0.49193986188540806,0.9348618633366363,-0.21285839571790932,-0.5803638795878779,0.20732547504962548
0.40512219256501336,0.0338574679424882,0.5774418256676753,0.5235168796915151,0.26509545478325
-1.4624648651955099,-0.2630791874185525,-2.456217798141013,-0.9459477199054638,-0.6089747203592115
-0.6267403520124089,-0.24232335658865573,0.30569702972507806,-0.2941771995707944,-1.026524517209376
-0.024855035683866322,1.1533640413732784,1.7398787454195206,2.073947007363342,1.8285556734255206
-0.5405443002537891,-0.2827926412513544,-0.425784335248103,-0.22871496523758117,-1.0143965392256054
1.0330830971165754,1.537726564427565,0.3245066354396274,-1.0067137415933018,-0.19283508524842677
1.0552190249550581,0.5023364519121614,-0.20811410323891855,1.8050529663709716,0.44920653811161804
-0.16452450424629417,0.3897320140257295,0.5457544351703593,-0.919017473580977,1.135757252476266
1.050349624569096,2.508423106935008,-0.81415290139467,0.34955335948386773,0.8236723926028756
0.2381737385900563,1.4512875894398791,1.1914760926775403,-0.5763123362812055,0.23732505386292319
0.3641738815879812,-1.5073929602170015,1.5030160511742015,0.42048603091125714,1.1449706713195098
1.8822486254010324,0.5377163085515084,1.1046810034057688,1.7664118666685238,0.1452776463813997
1.1283092758865423,-0.4083885519978299,-0.8572574372009325,-1.28463092523583,-1.6352587256295357
0.9707195678921663,0.1253522620729739,0.759552367421959,-1.8754973205365602,-0.635805824110705
0.751444210088934,1.637497576556656,0.5524322651988366,-0.43028790946055184,1.7573103905605918
-0.9797600217876595,-0.27575415572237727,-0.7001909900252961,-0.6545444368085083,-1.8110459081899357
-0.9430798253453744,-1.3649611168529785,0.830752579319028,-0.1355744873138247,-0.025994992268089323
0.981369972487526,-0.339168798949623,0.46369685390632853,-0.06280051579290122,-0.23539436749869289
-1.0468246080522308,-1.0931590288475161,-0.30863457928839666,-0.9935684166445276,0.556867759983535
-0.5892119590558705,-1.0072263641143258,-0.008553765977269312,-1.7808834741240394,0.5520197714101994
-0.7264856616060269,0.2747953586320592,-0.2990727577929536,-0.654925349401956,-1.5003604417845888
-1.605262847060355,-0.6417203803976308,-0.060584697173105884,-0.361982260791779,0.4794301662987355
0.7285931926428351,-1.0356275146061633,-0.5714008307791478,-0.5911445935904761,-0.5528899260585346
0.5332433691520868,0.34308887305582253,-0.26226143237577876,-0.7787043077015666,0.5670777987443444
-0.07607264998739943,0.8765399730030109,-0.43811536769645987,0.21890967850985796,0.7298019913001437
1.5379960740748742,0.9858411524294772,-0.3168790038436762,0.10652465589342786,-1.1925811441932377
0.645208914012498,-0.5390048309927915,-0.1421206756166804,1.6009153216995715,0.7445256117557896
0.3007186625393773,0.8158567272462749,-0.25493028377762234,-0.15683989018159222,0.1379358469522911
0.5121368139002175,0.5836490680754489,1.440556228223203,1.730100644295787,-0.2926802441646591
-1.8045937645559964,-1.2750290404598277,-2.2744721410299285,-0.5010121638408074,-1.4755217368991305
-0.9774522740942349,0.022997409768131666,-1.308769932917243,-1.0358846724697037,-0.6141093045488397
0.5487658695816786,-0.4418886148246816,1.9070578444022601,0.5280479309611983,1.1110260870344995
0.17824402611784768,-0.9165818189664847,0.14398209846986115,1.089639158300803,0.8226930635143397
-0.49291482158256317,0.3711505330524116,0.9937207376569439,0.05904677595220509,0.7213628618204786
0.08189605130422514,0.4752810059216075,-0.357134854567053,-1.1876632500198887,-1.8201724736146006
0.7528938568807476,-0.9426825864338114,1.0868916470389451,-0.5337039070622597,-0.40483263539125713
0.09112074517599966,-0.2063905957158611,0.2209565215847889,-0.6985506509799281,-0.3383624933875422
-1.4046626828471465,0.7483628577550498,1.134202174365865,-0.527242723726622,0.24388250199282233
0.08476357591733077,0.65616359148578,-0.1734096023049976,-0.5565516415755332,0.31566525539608736
-0.19150308914943903,-1.9592546856264466,-1.8426286691638392,-1.0219520217073748,0.583030618880479
0.4258134382217924,1.030733540352575,0.19809508268463938,-0.40153119851165686,-0.4907606099955754
-0.9173189820120434,-0.42953610904133865,-1.1147585844267884,-1.7227123721933402,-0.8506464900251666
0.2604027684115995,0.8208357706900932,1.4517645969828923,1.4210658697495457,1.3365793253923794
-1.4877095195023584,0.8303718429323901,-0.7692213939938479,-0.2704398524461027,0.009900108918205794
0.9339383945086448,-0.24009581085353898,-0.033910254695748876,-0.8607391704091413,-0.2939986885013104
0.5169731089369005,-0.0527710165515418,-0.4778728159026261,-0.37894631518760963,-0.3551972834484821
1.0257569003079787,0.5951515591852661,-1.517031913159532,-0.6646802244648741,-0.5952062301996096
0.376705093829977,-0.8762550423003121,1.9534447935856207,-0.39380132102156795,0.37016168832205865
1.0408134755903797,1.1003710213391984,-0.6614896415618075,-0.46021112534973063,0.3438059122397307
1.4280057259159917,1.1145684299534468,0.6898831177560781,-0.01726243241736293,0.22830642686546662
-0.12818025411218448,1.4596109630439602,0.20264755906329646,1.608716936928944,0.6432779146836062
0.18936034364797827,-1.927084321378471,1.1235997263363429,-0.9964784814445207,0.3472728311011324
-1.4288954447171445,-0.3743593105632427,-0.4595072414070499,0.6436076143860106,0.19686149175961906
-0.5833245665248546,0.9537674284292739,0.0229715657211898,-0.4382889116547618,0.034039299921215585
-1.046163442208592,-0.8265312647865264,-0.21389394241536794,0.4116516157991767,-1.8080113558169557
-1.1351382891442015,-0.020547246913766554,-1.1467928768413451,-2.3341954315659366,-2.387195013220624
0.9771342921854611,0.4411557500523696,0.17277176562041177,-0.22032072839239314,0.33736489698753236
0.32359199968710795,1.9521145886884708,2.6015950163310446,1.4455702060210136,1.5556874841047494
-0.7913479785879712,-1.8339993850991385,-0.26506404895285696,-0.2584403983139455,-0.44158855176465983
0.23794379644078195,0.028728331175933236,0.29231510720544446,1.5584509808331277,0.16881927980784914
0.7465665559053789,0.7060530287222758,-0.011028534902547849,0.7144526145829093,0.20006534766079578
-1.2523658570818064,-0.9707224907040173,-0.6672919296163295,0.6272737889834703,-1.4673587505060621
0.35615499731677464,0.6634430603365282,0.45707347816397154,-0.9399827094952158,0.5890217822564253
0.6593271603867842,-0.10859968496430075,2.104792224230021,1.362600314745291,-0.35061829903778324
-0.3869980017671764,-0.13756812131753313,0.062476858981711354,0.11881053110566157,-0.3411583349665927
-0.21447013040197896,-0.5306231929728842,0.1753139195361363,0.9761591719381647,-0.07991953474731651
0.04204650091342795,1.5371010036081185,0.12405937364122546,-0.043412342713408186,-1.870566220086466
-0.5323957841442225,-0.001645042046338016,0.12675449779018014,-0.03687428086656741,-1.0329029983195868
0.8687844726859315,0.1748883849396058,-0.5740068490000461,0.7884321164131604,-0.014478950959328413
-1.2239520614994863,-1.3169230007040014,-0.8659351061810743,0.9187715952972764,0.3487966533232613
0.08125291156188053,0.5773596736899318,1.0586468934141195,-0.8567558659870911,-0.16543912518959863
-1.5493372546556363,-0.7764107869848973,0.8202375431768678,1.006145442839878,-0.9624397874922469
-1.2230328982755576,-1.7278157685295419,0.45120629980747906,-0.7758793237370166,-0.6899759143382629
0.8708889045952651,-0.11379442688863728,-1.6754756393969445,0.588222894305326,-1.264082815168236
0.49206357485966423,-0.877138614020476,1.224732899548937,-0.07318539254637679,0.07766826145170999
-1.4249128480552438,-2.049539671255462,-0.8564068896287523,0.594446205043864,-0.27384393927775497
0.874546268541578,0.04179059724780103,-1.1518345815799012,-2.1713836467848924,-0.8826100989519595
-1.2768467558993088,-1.8956696092028085,-0.22630826968709572,0.46604484679507513,1.1544125895064854
0.8474140718495223,-0.8125439654426514,0.34906149251000623,-0.48475454728810485,-1.0512306201952222
1.0618077300125703,0.6825649645326858,0.7549662448853635,-0.07814845591995159,-0.4562509864956438
-0.69769929548324,-1.746903635736852,-1.0377412337804817,-0.5871608054825563,-0.6361086239401947
0.48654791720566704,0.6349882584042063,0.3659188132746288,0.8328485065329603,-0.4233817793973555
-1.789226715037752,-1.1798552239256836,-0.49248334479252154,-2.3133801957280347,-1.773052679013423
-0.5083676178529719,-0.5086349036486142,-0.8883366289346696,-1.9614832866087344,-1.3624283957293644
-0.20938360121101993,1.1926243361399693,-0.22210119619801258,-0.03472370088254098,0.2985413345514977
-0.2036324651921167,1.297945902596492,0.5957932054562117,1.116550081384334,0.8280311246150941
0.7632875531699843,1.2230607600732533,-0.12802727538781683,0.9558570733767106,-0.44598652768943625
1.3104236685425519,-0.4666715332341557,-0.7787281228598553,-0.5219824963187998,-0.500080207601659
-0.9634650394830813,0.41873055341590093,0.07847741105808481,0.3893065210214548,1.199088192765233
0.3115655408021699,-1.2978987060613518,0.5042833832257405,0.6597524170127975,0.8995347873227967
0.4693745969678104,0.9485140281912143,1.0093181435861718,0.034072680291246216,0.8665241582217793
-0.7122954632997804,0.03472446028307624,0.652055873098538,0.47899603885823994,-0.4512864979487814
0.2896900121520152,-0.3308681806613043,0.7407184201996121,1.072070716276815,0.8231312935310395
1.1888335552151879,0.9517808549704503,1.559207423605489,1.169051373592296,0.6650195376201876
-0.5461459835695858,-0.3789333835698591,0.612272555405884,0.5275136431791123,1.1666196434893794
-1.1262926105425834,0.01891120667728846,-0.44239978352984055,-1.1661227305168298,-0.2437342364728281
-0.14533646194789263,0.1614577951046091,0.6136110558704587,0.7109163861205077,0.6259947354021633
0.6295178412283409,-0.6487938160366193,0.07831394625842655,-1.1380799330457114,-1.2546683600010768
2.359153373674801,2.1337848042147276,1.1720994665726945,0.6201423291570503,-1.100295955226093
-0.7235670043420876,-0.20512894565778236,0.3305985790565283,0.08713813430534578,0.8223590007269692
0.18969494615202362,0.7524355227456266,-1.4695151591756825,-0.7583559800976627,-0.2067977546861152
-0.18858594236613663,0.2547217748975902,0.5633043929796697,-0.8699079043357028,-0.9265966758349126
-0.030887235300065402,-0.3767528264163849,0.4591801874239638,-0.3728047203379679,-0.13480658731223735
1.0221297172275536,-0.4774912914827617,0.48040082605198,0.2877955370608142,0.8164828166524117
1.3171948295913825,1.2103093492201986,1.1439467709498299,-0.35187287450202387,-0.6233768416060381
-0.31798857544248493,-0.5152300873849924,1.305146681126056,1.1694589854803876,1.8984734627632005
-0.11825473435851777,-0.7366436520596183,0.14820333719544704,-0.03670411410487595,0.3127522877217293
-0.2778491095879617,-0.23524651012129547,1.0962997691668017,1.6711110756867418,0.8578074775490417
1.2036737340467627,1.315639959137975,-0.6046906632513878,0.04286322113061419,-0.18305582173574697
0.8074380433434891,-0.42096673568064935,0.26087424971308365,-0.5716045774284871,0.8598410712229869
-2.103342357907551,-0.80297400527333,-1.159135887983774,-1.9487934803444462,0.09151953996393286
1.5745367044267082,2.974849729990167,-0.2515175328725522,-1.2160943473980559,-0.652887868721189
-0.34275832269352713,-0.26863944698143827,0.35876309751779945,-0.33273372518713473,-0.30031962971161485
-0.5904617984479371,-0.25851180448798805,0.5843659409288697,-0.11364125316120174,0.0659524500471275
1.1385113857915452,0.5843161789918171,0.5403492501288372,0.48903245472788615,0.4938536257895914
0.3616479130514422,-1.3835841268951878,-1.0194857754552353,1.3534577646689554,0.9807741585629283
-0.1914068119095167,-1.198164489223822,-1.143935698016134,-1.165785687444261,-1.3389765013298542
-0.6463952689922536,-0.21319008984736393,-0.16948330009959475,-0.09532174352250167,-0.4442904233514625
0.7743928846421892,-0.45421449698058214,0.2179723194914623,-0.24491323148651842,-0.6602473710830893
0.7626539204886968,-0.5683544064264572,-0.6930385929802424,0.6457846311177285,1.4990795393910161
1.0126643153329584,-0.21326012212606893,3.092078987007926,2.172362967524837,0.3421805102303848
-0.5591534759197773,-1.6324673159898142,-0.8180012753716477,-0.5226342337665009,-0.3766445694001481
1.0543485755750297,0.15964401117844812,1.0292366973903773,1.4457112038261877,1.2147966388156153
0.06978801133981483,-0.027441185616408164,-0.10503275599292433,-0.9600513935753446,-1.7339130994252956
-0.3261809327239677,-0.3965542577527168,-1.695486408320585,-2.314251609523734,-1.709558019989291
1.0443077932412224,0.16476364355628287,1.7633758292993156,1.8128104401237404,-0.3376903421791114
0.11385655873828285,-1.1124490669300127,-0.5914433446510581,-1.141462185186436,0.4584774089068585
-0.3116976088856802,-0.26838695549538405,1.0834974515246323,0.6841723442652785,-0.6010868527644682
0.4386682787335888,0.9290013415680853,2.2799920736369077,1.691022689388956,-0.4091622985895675
1.6713566297319646,0.24257284483036365,1.61464708064964,0.9686077247127325,0.3628539561522046
1.8757510170320075,0.607621660558512,1.4234411117071957,0.528256614886346,0.8969373085303887
-1.08004350088125,0.7198167197787383,0.49083383063805913,1.4285325204525363,0.27819598278969837
0.5698602938037626,0.31450880805613923,1.3398725345928513,1.689704976883167,0.9319974332357214
-0.20043768907624426,0.5572180255688288,-0.49910233487062594,-1.3394051744750735,-0.7687205930582369
-2.0498762843864187,-1.7620859497415193,-0.7125575345651518,-1.3765336521354805,-1.3546046545527373
1.2757492371133479,0.9081535964198848,0.32389743849895836,1.5101111874852187,0.27994532366467784
-0.8260906454274819,-0.23965664039209436,-0.4572505279722646,-1.0052868808969975,0.004876851066938109
-0.44159956411284224,-1.0231051493819001,-1.2174133836503187,-0.6792713357072577,1.0631402303828938
-0.04817686426256029,0.25780653300962686,-0.045505439295463634,-1.1102296872722508,-0.08809662330074247
1.081681606144066,0.9576314634749086,0.16647818270222564,-0.007471585691754323,1.5150731179757309
1.0092460021681289,0.8319178883823148,-0.36398066316471434,-0.5476191129891618,-0.5051736007294085
0.24880294843200762,0.11323004185809085,0.7681156956962132,-0.4637726820736805,0.26141761656885226
-1.0877994978523764,-0.6570946593246841,0.13514325802009505,0.911138370173693,-1.5808950752434767
0.26994260732782516,0.15601078260097567,0.6797611566361013,0.6080427020957399,-0.7047942648298703
-1.0332191484498991,-1.6579667364455464,-0.1913066193169126,-0.5139873210096445,0.029983644949630107
-0.17888930635858885,0.04774371684991662,-0.14723361900140833,0.6876767021826411,1.040569511948519
-0.6980508634243333,-0.25209060215105916,-0.8231338892645264,-0.735321589204542,-1.093186228956039
0.46764529242532754,0.6305351362974421,0.9780568961712772,0.3802124784679447,1.2127565149087083
0.1365998074535847,0.9305416300023701,1.9362753540003643,0.8289627664404625,0.28330848347748183
-2.0003096014148087,-2.485567524319578,-2.2149318598368066,-2.4707629717975728,-1.8636720706713108
-0.19190887954964858,-0.010910556413542799,0.7528559461592086,0.056759362314723116,0.8770160930869169
-0.7282983605455177,-1.9186483330514066,0.36884788940483065,0.3529975552563948,0.8326244011228869
-0.31661075990898496,-0.3390960036422403,0.33790485508227885,-1.6294417007141924,-0.20365511237378103
0.4430471038979983,0.6656826833292299,1.0264638529842205,-0.22476056388421795,-0.41732072701155465
-0.8720945185628463,-1.0221699806769318,-0.5586760180518034,0.19105754078741816,0.6238618761056232
1.0861930490001732,0.11720880222113286,-0.6681519607812504,-0.7278300547132539,-1.1960527907823806
0.4443762824004004,0.2582088159745008,0.10620995637226961,0.024186075883975693,-0.14237796029464467
0.7552245484178433,-0.16842921160146299,1.4203812652929315,-1.0022432013703715,-1.7191671156977535
-0.418158359586038,-0.819856409246561,0.6887040636836896,0.29040975007046044,0.24991105232965286
-1.7861887926360098,-1.193306088142581,-1.6805888405003881,-0.4101001245793554,-2.357997636163503
0.9433683851136717,-0.5023008112528898,1.2926494819250098,0.8469364592922124,-0.48535000662109284
1.8148845756109195,0.4087799281892965,0.8770630750171423,0.5415299346959063,-0.16734515872521125
0.11097761953097302,-0.6850718238052034,-0.2622306002609274,0.5523197197378185,0.08965226873902318
-0.29860625960373816,0.015218651861245172,-0.6217888290665471,0.014342803611804622,-0.07841380908514767
-1.1244780860911738,-0.8453199401885828,-1.311054301901959,0.9028524445607098,1.201714957983674
-1.380468276943648,1.1572195732382202,0.12570681276378942,0.9938815288286201,0.9587477811810585
0.7006989051296948,1.200909628653795,0.07653123628590142,0.809221967645958,1.0316106677800774
-1.670929700610992,-0.9705397086042713,-0.6489263934784362,-0.4033749867808743,-0.5938683617349915
-0.5945545222865813,0.9282403053813616,-0.07499777489652353,1.075973462460899,-0.09050704382508482
1.0980385563232042,0.08355156951045734,-0.24708151593003225,0.91882129662537,1.2196027015493847
0.6840915483192345,0.34240864592306286,-0.05484449842413483,0.052355393458539234,-0.27276169808079864
0.13992805030537026,0.7340288602981322,0.9630824790786665,-0.016878421661393667,-1.4709737336063702
-0.7732610338765039,-1.8788988098330655,0.03729726701602029,-0.8276817013418569,-0.5237846719636633
0.39894513063329146,-0.6324265530173102,0.28405658133506667,-1.1598124315405705,0.9404900864117989
-0.7787764325524068,1.0851793691578477,-0.7922575225425704,-0.4080521185398394,-1.6783817265130136
-0.4744027088408087,-1.1506219966911049,0.805981009968292,0.7701356607009928,1.8265780541663013
0.15186261037457421,-0.659469867774342,-0.3714264221015693,0.12162685859684946,-0.012406982623468801
1.3342717567448912,1.0631693354656924,0.6301786191321421,-0.9501859496626079,-1.174439227599402
1.009360466711266,1.1723950869779043,-0.4902447193327119,-0.5279710266283095,-1.615951074527687
0.7398520084099012,0.8328408047859198,0.08248940082211226,0.9382263998930116,0.50989093726322
0.5506325024239018,0.2813478986186631,1.23531687883898,0.9956270959235993,1.4151096168418034
-0.7683561919512835,-1.1143705649574942,-2.6805972083596634,-1.3050748451557634,-0.6741512861495602
-1.1328344201906673,-0.4210602359105184,-0.4968732513521497,0.19229922015406617,-0.12893093333124175
1.2182052705483892,1.5948789405695685,1.4688176863706912,0.33177622172062715,-0.587868675918664
0.36850803015689426,-0.34579714331494427,0.5667499634780426,0.5659635505376202,0.9157919145939937
0.8125826110687726,1.244675470793199,0.9790837984766898,0.12146459459959691,0.9963012213401712
-0.4730532891094572,-0.96102952799613794,-2.8549477374554892,-2.484759801367493,-0.2835209007565235
-1.6574782847839926,-1.1556757609597588,-0.3663830841512577,-0.827143988046293,-0.45121337140011736
1.30992364200281,0.021075277452996616,-0.10910524636826491,0.14689008939852521,-0.6614555502219167
-1.8536135181264155,0.33198200917855447,-0.13308911915502286,-0.6795399601807531,0.8551125427905484
1.4226238458365654,0.06784128325608108,0.6349565679915641,-1.5140256548577153,0.8968099754960704
0.4639280429963338,1.0695156402731012,0.5890389094779293,0.08993295337565693,-0.722899437502095
0.20100708586568383,-0.08249001372548992,0.8115113676988872,0.35966549207845105,1.5123113845283527
0.43229423112422327,1.5199833088553372,-0.37123333470709774,1.2869767366998048,-0.9171382759120676
-1.438732740098809,-1.5827786153713455,-0.717266845648053,-0.8325907410327931,-1.181155818914852
0.15271597839910617,0.4754800728643653,-0.5058831994496154,0.03838892171873337,0.15490328696537484
0.07655021688708752,0.10731271087342731,-0.529367728006864,0.19495239388610958,-0.2346042985360558
-0.3697721523768182,-0.26186538917051944,-0.4201706095415556,0.022883921504447922,0.3040142175447187
-0.7540376243281195,-0.6536029085718207,-1.2199732189081487,-0.309915474434523,-1.3345466753238724
-0.6473744793812708,0.6499704269038088,-0.8240253910216742,1.1696880590445438,1.882668155483782
0.5668250622866309,0.9069317887282576,0.013747741489042176,1.1479167699989716,0.8777918700356215
-1.4454338711031371,-0.22497097057237236,-0.6376156109148696,-1.9359628141456435,-1.4303013302531968
-1.6547893392504547,-0.003203322362393679,0.39130334390203225,1.1320458851583752,1.9631481664057007
-1.2273377081556593,-0.0860669016324308,2.059312919997292,0.7905869944980609,0.8130740429844852
0.012500926668902484,0.3129272686876535,1.1157305247321863,1.5039354098824318,1.271822856983537
0.333006886691206,0.32341206781148607,-0.28579477083534705,2.1112826916408336,2.187978671897387
0.19467270972803347,0.8156744681521895,0.847365375427093,-0.018272236063986924,0.09289850527767174
-0.971731477326454,-0.5694088937860563,-1.0313524390570392,0.046779222102662416,0.6791918306676819
-1.513088967438727,-2.2598181612634414,-0.6356581369940277,0.19673402353765573,0.4449088496828257
-1.0436712760811582,-1.2729953491350932,0.4113770451167967,0.502684404112828,-1.4145661774002474
-0.12254929932496678,-0.12975040969160392,0.8171849516139846,0.5649767741102013,-0.05424642344079477
0.4306348659818886,0.3885546017044681,0.14108164081872504,-0.8815808527262881,-0.276397078860534
-0.8560165561717735,0.9841320484512873,-0.10395196787416033,0.956284260847845,1.8549258033757023
1.1904097802026792,0.8063566995882083,0.7794249553268477,0.049762358082050366,-0.5879078302752404
0.13252416744595785,-0.6154485489333927,-1.310778748517266,-0.4953241010735442,-0.7158026110474902
-0.03808390291653596,1.342913976304683,1.2258979241614756,0.9769144686173477,-0.16758118631519325
-1.9321783201749794,-1.9044680641166722,-0.9018283579276855,-0.8492289601346983,-1.1767851835661938
0.3611071496194378,1.5854039516446048,-0.08374073303247886,-0.08722474143208553,-1.594597281576758
0.4474654620424827,-0.35608051340682767,-0.951675631379741,-0.36006760675852045,0.7005466439798244
-0.21698311483724064,-0.4675372206527442,0.4600912469796588,0.9081941851145905,2.0368333012746245
0.7046308970127217,0.11936074537422028,-0.010718965487966692,0.4944440802445534,0.7096239755933816
0.17411580212881173,-0.31844444888311785,1.55036207819104,0.539215042086824,2.7431707547778856
0.30013249606716397,-0.42238982053159674,0.1233635396112936,0.5473013756234154,-0.052090326968499134
-0.08647240281724215,-0.6558779018297956,-0.515821680893616,-0.5161300477035649,0.47387514131561637
-0.6191472646822571,0.8236205812100065,-0.13291386121879456,-0.7042585744023004,-0.34122239664447607
0.25778630928547386,1.195680286048245,1.9632110399552798,-0.520865609209072,-0.4272898802722078
0.06887432524444506,-0.10773353931762557,1.216868599916891,0.9222745085110593,0.4195088460146063
1.2791365093597469,0.3528217717328716,0.15744234592072032,0.019176346204090644,-0.20191467953698614
-0.4203216396521797,0.053696128291439674,-1.5715496818184969,-1.5144065300851872,-1.5786281611067872
1.0005962064478526,-0.46591747712676806,1.56802220476816,0.5714861546001412,1.0217155493742058
0.9808228946464344,-1.7279513785167937,1.2060020470855448,-0.2570845457304257,0.029233832347583557
-2.0818793479701374,-0.41000536375871616,-1.0514531703920997,-0.40236185899812865,-2.7699653626461873
-0.3531602627862357,0.7095272489377317,0.03296820888457269,-0.16013877180621675,0.26494800600895874
0.9316004321612568,1.3612367917349169,0.9607672190548165,1.0692263169291447,0.22905397306935027
2.1341025983710575,0.43989805987030234,0.5031056478392093,-0.8964076990106906,-0.01497592920461751
-0.8832125067419969,0.05225589977447048,0.4254706447320965,-0.13781207007773666,-1.3331549975460886
0.4197437168406496,0.8148896533094673,0.5317112560503718,0.43898261392821336,-1.1805573799499958
0.793213826411947,0.6185987523943338,0.2950933333032981,0.28247621736925244,-0.14763921176491357
0.08384986961437185,0.4459764074302829,0.45157794156847636,0.9262920437916957,-0.9981632907136699
-0.3846869017276743,0.1292648633291507,0.23888874986501535,0.9515310011685711,-1.5864376472445068
-0.3106211571371753,-0.13321279909009281,-1.8588369011087635,-1.767325987103985,-1.2160602556453455
-0.9864161385168764,0.3594075384106017,-0.7192193519324763,0.9468467006299317,1.0119393855458971
-1.8308105126503835,-1.1211583359529018,-0.4071467603497245,0.21825203286284992,-0.6089044779801602
-0.6021875663349622,0.35954749967197897,-0.8577450050492397,-0.05712969340679447,-0.9705412833543322
-0.3783417920225104,-0.13175777753009973,1.1829237431330415,-0.13889724850574708,-0.34525877045720343
1.4363576564028504,0.8653458160604127,0.7825430870924897,1.1978649344615533,0.9122442694519242
0.9129571717901501,0.4862623397110909,0.7305453496150985,-0.4048330037642031,-0.0329108337223073
1.1444483468149333,0.34099226787445885,-0.37717981888402785,1.3077320446111598,-1.006228005407769
-0.5428879551131579,-0.12852652514656043,0.5266683747877396,0.14134346518560229,-0.2622641826061386
-2.1550998966495207,-0.6337879826762108,0.6799334838153275,-1.5872325020707772,-0.7786499572740933
-0.8430244926524364,-1.7876451501104804,-2.3887006870215277,-1.5049462327842846,-1.2117712434873928
-0.6730490177314005,-0.15006592122923662,-1.2622072243594775,-1.997944037504376,-1.0394172121890541
-0.32033469924952085,1.1369633574722355,-0.7464692501350715,0.67936185006902,-0.12891148242535932
2.2480615058050306,1.365119877524501,1.6402266048761036,0.7230581780334021,-0.32209155359817404
0.5774005579988832,-0.48942659772749986,0.7055681880879761,1.0603963508460756,-0.9555554665221314
0.7951562186335306,0.3342337125062529,0.22145215655987982,-1.444950683269781,-0.18878718611249995
-0.09969554257409147,-0.29631516838418115,0.06567487271545297,-1.7569943453232912,-0.8542396821483924
0.027710154910264462,-0.5208468216290559,-1.1734164727043894,-0.6165671479275792,-1.037756176213023
-0.3252413361380727,0.059217811417294014,-0.5487906874765811,-1.4299274471412704,0.13786312210922114
0.5464677306802804,0.5154255917816707,2.2462864324339087,0.5893917058642177,0.6500853245549405
0.05297611535949795,-0.8177672947075207,-1.3077081602015688,-0.8374354630774536,0.19449240535144072
0.4329629771876933,0.26209731259135366,0.5621469788998315,0.2582247403153689,-0.10671844286779329
0.0537283402535802,-0.1580995093999244,-0.9929058260169652,1.2723208080708703,-0.9093837124756988
0.5917442061931285,0.2917507745552732,-0.1459973656151608,-0.35549544716661474,-0.729992736440131
0.12000271752038168,-0.7187242801727376,-0.08755217283931122,-0.9150490492212773,0.16570136679519246
0.17746619655318205,-0.4298797338500452,0.5492236860772015,-0.5101445098097486,0.0437886315803152
2.256958342715893,-0.6052217344888864,1.4230256901676128,1.6449626707208873,0.5466535804979397
-0.28971231526945534,-1.078240629136657,0.4134964877044658,-1.4037292125689746,-0.2443211912225274
-0.10708139871259095,-1.2018083183703319,0.7146895974484349,0.4422291937301302,-1.7118341603800582
-0.2895752481682793,-1.8888086499130023,0.6480433458486567,1.1517449420847088,1.1448195762935143
-0.3219688606769493,-1.2052909545470385,0.32805848823217854,-0.25122208620950426,1.1174138188358713
-0.4989926928554981,0.38745401026173565,-1.0467217907738382,1.1917262968389428,-0.4404964918397365
-1.164926401901583,0.6981980250604995,-0.47510921114542387,0.030507046628579115,0.4462295151004868
-2.7301053494611547,-0.5801408216388377,-1.8289199791249868,-0.03536130526829642,-0.06566301100394306
-0.8352126037911745,-0.7291849982593845,-0.20126509059154143,1.1647343805740988,1.5472243759392483
0.6091673850605356,-0.6794396330883895,-1.3040882725575371,0.6659803602031904,0.18661921164540035
-0.1335466904774635,-1.188835782411489,-0.2585545912779361,-0.7256254190965236,-2.073082701774246
1.0268929322369005,-0.3017065732503759,-1.5100181525131158,-1.162370740299242,-1.7766308035082203
-0.6640776394774031,-0.46961424492632053,-1.1859787225414307,-1.6943640643282807,0.4656278616800016
-0.08509603570582303,2.0322185484420485,0.9526433319783922,-0.2956186226823827,-0.6419431359530977
-1.3479731999092996,-0.9565478162944788,-2.239705386260485,-1.0571463749517136,-1.0481637701325148
-0.8710067364593833,0.723075250245942,0.3716291676990593,-0.46636581737298805,0.1574802323602969
-1.480690946854467,-0.6537119935299798,-1.1181474654640025,-2.1989697306919176,-0.7041975067639858
1.4072504188213781,-0.5325406587826398,1.3052423899818577,1.1338885324260006,1.0833823988261937
-0.2716770907946603,-0.02797083702005771,0.23194192369757677,0.266214047724917,-0.3710183853082823
-0.1358835452183661,-0.4188804158833108,-1.3998711618263346,-1.0320432495038743,-1.2755161896942533
0.795747128921783,-0.37777821566544656,0.009200473542163246,1.2028513649780934,0.7683304073157209
-0.25107254308463123,0.959759952442206,-0.11304087898651932,1.7626303275758062,0.259732333231448
-0.06572049993751644,0.1509500969097472,0.5062028358002668,1.5466340473070181,1.100295132156888
1.2329313710492444,0.7459289660836506,0.4027514715048085,0.6435558557039235,0.559616931237243
1.2521787759341818,-0.43938441242731685,0.9401562679938503,-0.1897582639737918,-0.3794280858909991
0.8453605800905114,0.0018095444571264996,-1.4752883726565735,-0.25506956389688695,-0.1038826156768996
0.7856545173238327,1.2974019162479222,0.5030291415403775,1.6705736401146905,3.04958193906563
0.17314856207833867,0.23979656763501642,-1.2270534948076581,-0.17797726233410033,0.5588712337402066
-1.7690224130155463,-1.145551063670554,-0.3061385077049734,-0.6637620404020734,-0.29950507242944685
-2.1157063097805517,-1.1700551302589557,-0.9856970705480961,-0.6251270673844481,-2.257912215111117
-0.9070359175778893,0.3500999343073016,-0.3132996035112495,-2.297673445762829,-1.1786903565717295
-0.46705558205206105,-0.7667240866751601,-0.896402177427692,-0.6468636092986778,0.3822695193916001
1.284313325712195,1.8111698372298173,1.566453531555402,0.10690524336728757,1.220225900423603
-0.39489428341336263,-0.017909576699225188,0.9935861501861315,1.2537099879026732,0.022751266353468743
-0.05351406518854353,-0.37383528487642714,0.9625753048350199,0.5738702155739438,-0.13752424418218007
-0.3105848795549998,0.013313889649522348,-1.1985050227355805,-0.11019966587121377,-0.7331778359625339
0.16979694083470537,-0.6286405026840214,0.3915713390633331,-0.45963417659658684,0.9628239441076173
0.5945174087975964,-0.5331533403601998,1.3004559202950374,0.6905932817125704,2.338316874429237
-1.2406415337524073,0.33896017349281027,-0.9995228615828571,-2.6499565255670934,-0.9185278711941278
-0.7400216517241958,-0.31622916982741767,-0.722028338663753,-0.059616808273899174,-1.4020811719452664
-0.06814391437929157,-1.1335891137877263,0.08792239330923934,0.7026005651813775,-0.6952122823207499
-1.8188390494127455,-2.5789724844560133,0.37986587635792024,0.19427215421352695,-0.6568528468446935
3.5179347921262485,0.6527443085741464,0.5350104765356457,-0.2687322033906646,-0.10654582914828781
0.8147926091032904,2.106823392447379,-1.1569646689013877,-2.086563096447487,-1.7828136960800176
0.5697256327881566,0.31954355431721804,0.8222088536438094,-0.46264767857077005,0.5500604647834704
-0.3475754830929899,0.031194955982717223,-0.33127132121671216,-0.3259006731673634,-1.5378669768352877
0.385016953664263,1.5788325103258964,-1.341890029838567,-0.15927879577042742,0.08820003683951869
-1.0710594713610817,-0.8303846477282459,0.4717768139038834,-0.8000105417037175,0.060320927001208724
-1.7091082726565097,-0.09159821228189285,-1.2209101565403242,-1.71216939477648,0.6894157270062844
-0.611494559378214,-1.0437636876299563,-0.03964504791150971,0.497543060408302,1.3080147386330474
-0.9108030472795614,-0.7741775935464816,-1.4869301789116982,-0.47174212962794226,0.4702615709446332
0.9095411851114159,1.1181989209861638,1.891846663646967,-0.7325604875669819,0.8742598028468734
-0.3322345862956745,0.7247906151703327,1.2372692030602268,0.1426384742813842,0.7397158961578805
-1.7614251173511113,-0.7694342981486472,-1.0806548978706982,-0.20393254913153763,-1.422145544730072
-0.863068895642246,0.17491153869007256,-0.7530572750896454,0.8327360945583967,-0.683475410920843
1.0380051080304349,-0.3511063326251158,2.194871593554651,1.7147510021055543,2.2887579952461583
1.5366636389683717,1.4093493723406634,0.22495646518952644,1.2001574107808175,0.2542738142354511
-0.46917169340916337,-0.8847408805271155,0.6858685358394236,0.33340699609356583,1.026074113034039
-1.0083456255395826,-0.4431865600110418,-0.5954815448100306,-0.3911893462922605,-0.4694898204916233
0.40773986349359026,-0.49321934604012985,-0.47541102784178163,0.6509007381529841,0.24059097352327855
-0.5296508211186768,-0.7066195573158035,-0.1415979170479738,-0.33026178879603507,-0.505620959214642
-0.3982215003009205,0.5011006502202986,-0.8108565606175231,-0.8987830966682112,-1.7191971745232277
-2.232634418998461,-1.1921437691145669,-0.35227929536967345,-0.6803615863085718,-1.3640374464758456
-0.3745651514741751,-0.25098143521948785,-0.40636342976198353,0.1517644724102728,0.8897178430625425
-1.0184870946954667,-0.5979449159510728,0.3669737867158137,0.5316374135127729,0.989373475383458
0.17037546563025363,1.0257155298557492,2.140397351583473,1.0504075130225647,1.6105379610395372
-1.0946384287735615,-0.6433809252509508,0.726625114635328,0.31605390138491096,0.2949048137305048
0.44488722484748755,0.6328323864202767,0.5806480208465167,0.2585101597810037,-0.033116177043596345
-0.14104364214151188,0.18704292126808583,1.071040795389278,1.698477783255865,0.3288984020657386
0.17392393780920906,0.19217131735258558,-0.019520614847418405,0.927438164484311,-0.8697853577186849
-1.3497526554025434,-0.7643538551248208,-0.09427789202647381,0.11856024187872945,-1.65015974164161
0.4225191749647541,0.9904352500167866,1.0949337735617244,2.043946510922683,2.463619199174646
0.09789568848114832,-0.18109920253320272,-0.20349924932138325,1.1810496619362352,0.5854069249843179
0.9958262368780206,-0.2397853193509204,-0.6704346084939791,0.7359037973307865,-1.5458423701728194
1.6093074375224552,0.8986975247289796,0.3226270116430683,-0.4110343898052537,0.7283683476877768
1.288455264119603,0.7567255938653795,-1.1474462974370094,-0.9186450691960804,-1.1012364336943752
0.31321193199702374,-0.5531117303454137,-0.6690251619799988,-0.5929342343424071,0.18648815296524826
-0.5537886090163124,-1.0674604566961787,0.38390461193276065,0.5557591566392855,0.7664203741628567
0.999954925856191,1.0608822791830343,3.0581362659757074,1.310823728728844,1.8478722809019241
-1.9081697612513984,-1.2300303603653677,-1.5340932544018153,-2.423046513336958,-1.5778090137433207
1.2791705298480491,1.0654277672626349,0.1962846155567698,-1.2528689662729475,-0.6080713846255071
-0.41327035519854083,-0.22509979749110767,-0.2792404935138893,-1.3520857625178038,0.22645691759692224
-0.024508163234152835,1.21727947682602,-0.6233440040860757,-1.413253483394669,0.26784418275055044
-0.6855262964080963,-0.07979263834376238,-0.520759223386946,-0.9940491830454072,-1.2612923385892536
-0.7489059345491182,-1.76465584897722,-0.3640288000870027,0.3827181261930026,-0.490735580637663
-0.6294282458941649,0.6266703815476702,0.31736166080274397,0.16605199263588294,0.34761214739516016
1.392898816461629,0.4814937169430299,-1.4843884524480164,-2.099088209062066,0.8820714913290919
0.7420608737974157,1.271246054686431,0.8008682881113948,0.530583926368094,-0.22382231851291173
-0.6842593726214543,0.5044520217510033,-1.8461971552628358,-0.3193392162043656,-0.25564182844965644
0.6938012542729903,0.352713181360959,0.4694542919974548,0.09569826987328663,-0.14404796511429874
-2.2276751560881105,-1.6749199296181014,-1.5926887110040575,-1.3614647185415998,-1.3383742972726844
0.5764003966798437,-0.08869150705993789,2.0760046252846087,1.5141815219209318,1.3619183187046016
1.1644906081106305,0.8768656754951163,-0.06390200641768917,0.20982072327268536,-0.7267823852175408
-0.9945556593374765,-0.9282247560748191,-1.8197834746765587,0.20574489458063216,1.1206761960083584
-0.34835513343298113,-1.217363726787318,-0.24428143570146432,-0.36263713275190546,0.47366034903735227
2.0285012709887784,0.024847055681259334,-1.076723344571787,1.1035193140129398,-0.16285494637884723
0.04454281747997356,0.20450715318036078,0.43676513593580496,1.1592784466923485,1.7406590628735543
0.6601766139968457,-0.3771186800247042,-2.2440367871712414,0.7830263659884946,1.0322531524737915
-0.7925503964618781,-0.2164378359199596,-0.2969807548303476,0.47252204052074775,1.116661088891746
0.3592258412553633,1.9926347777202384,2.327345006293319,1.2449674981324534,-0.0470071499161652
-0.7321870219913211,0.6292536559697868,0.8122281141752223,-0.21198752869323123,-0.7255221308069821
0.030559498518598738,-0.4565253414325592,1.0732080330158071,-0.5404582047362136,-1.10647091974071
0.12411496145492112,-0.5976398703154318,0.4189956155474083,1.0887987702749593,-2.228699527216543
1.8671594169399157,0.7693899926098848,-0.44512199882539644,0.7042820875193267,0.8128970239509227
0.004341002947255951,-0.06198846045629272,-0.38476771440913915,-0.3138319209297774,-0.9731209622038178
-2.0896476244363575,-1.6601884803655917,-1.312847815312235,0.08414109201671455,0.5036322900001176
-0.5356620058746515,0.07628565688822615,-0.6810720575488294,-0.7107813394658833,0.583625694232988
0.52379212874825,0.8436149996634053,1.3298624526102423,0.710674799205506,0.35030094041173765
0.4355900301970206,0.7690681201775025,0.6308362762716493,-0.24509659650963242,-0.1480182887934065
-1.166803091926547,-0.5589274934236713,-0.001384844254013029,-0.07826453947910089,0.7903453586482956
0.6003411449971884,-0.26579427145713674,0.9086141468224388,0.02504005310936161,0.9097995950998932
0.9703905857669936,0.4225876171942618,2.4530344766085364,1.8294966573356233,1.463659019524623
-0.5995177325442742,0.8429227478207106,-1.6530141445223259,-0.545743599814535,-0.8197758631501112
1.2055236745248084,1.5246231606968594,-0.18826920717359685,0.42978979337480583,-0.08622089974399863
1.6338759253665378,0.09317814295878485,0.002071131504548185,0.4818120272565465,-0.4703668762038584
-2.0227563256540506,-1.9829554644092209,0.775273053452228,-1.5832250055688906,-0.4590180699804164
1.3918296263672312,0.3892315643965399,0.2487624910817548,0.0885545251499485,0.5237720669961617
-0.2786584362466219,0.7856631100793441,-1.3844355997897555,-1.3962343327037945,-0.27618322908771703
0.8815679792359307,1.3700480989733446,0.3682038546310307,0.5026684976722097,1.4280122678187726
-0.16646613029489743,0.09559203680070547,0.7452013468062941,-0.5604160701153501,1.283615950435295
-0.3342845820449913,-0.8753130498804523,0.4768284233141548,0.4872194889565958,0.40144137377395267
-0.1715402141830593,0.734050831904673,1.331220880840162,1.2727544267835122,0.7740827389795398
0.9385729361479264,0.5224315277845916,0.5750270079390165,0.3737146982375149,-0.43368238592754577
-0.5457203554665323,-0.1564113002614526,0.7226340970769276,-0.13410788015487052,0.17540678408471175
0.647313138600039,-0.6004780871926225,-2.3436822931671246,0.6449936308047427,-0.5722811169191683
1.6116201975797122,1.9243389745457697,1.3643098327670864,0.25554724558913583,0.44194624177332376
0.49735654858182143,-0.04895410643815532,1.2745644856821514,0.19307213349216884,-1.1497311348759345
-0.3922306254473277,0.07465133444248992,0.6680787126104215,-1.1731616507190679,-2.1036809012636652
-0.004418394960125485,-1.1284711336158282,0.9628394069121196,0.6042998326269264,1.3569766275225086
0.21169083347120132,-0.47405063332240627,-1.1825781195223408,0.862112160054634,-0.19113972808923688
-1.2902708555916067,-0.09263084585960346,0.5218938886857106,0.5296636356929408,-1.6778315949494294
0.050558571793155954,0.027745878075400784,-0.2144355436302417,0.10952674483168347,-1.0533448986350524
-1.6160826025341577,-0.6127327643318158,-0.15082082465590635,-0.11291847872442037,0.4086602533100777
1.3794322753659687,0.3187147176418931,-1.1443463880888365,-0.25821211362744334,0.28817350788602664
0.3939239361823255,-0.0991508434855542,0.9953343192727956,0.862770255696771,-1.18282866637614
1.6937639066551884,1.590830524998427,2.865966899235687,1.8373613479009938,0.6849792230458575
0.8320526037043838,-0.47549116522164964,0.6715360730122242,-0.20555946873073663,-0.832084347972207
-0.49900117580297415,-0.19184963945295752,-0.2504659256396043,-0.4311937447539565,-0.021516011857747347
0.017845287971496704,0.424972378714082,-0.964266036490688,-0.5005361413215662,-0.7255644869793685
0.09850029274321898,1.1068425085123996,0.6920999249127169,0.1437379272484064,-0.1746493248894333
-1.9490874388966233,-1.0297531264969757,-1.091576470920451,-0.1905502877132209,-1.976609017490726
1.2922222336815627,-0.5464821790906811,-0.42702143672930964,-0.31636240799296966,-1.2646742314633999
0.10871787145684259,0.022811998012092022,-0.5286987706392416,0.6205307358207741,-0.7684661621824683
-0.853876398649698,-0.15201043994091273,-1.2289047193172697,-0.7863010871155155,-1.2850054963474924
0.650004849314174,0.23908914492582056,-0.18809016484830043,0.36872427862192025,1.6555040347483443
0.8100902280380546,1.298019532492387,0.16840826995183245,0.23552252177718552,-1.1377161188846114
-0.8370971405308012,-2.1893438707684867,-1.9622782649278205,-1.8632008359826973,-1.3354173761011985
0.3075264992352371,0.4013598251489749,0.0016926104693938404,0.06349835190132011,-0.9676583483129199
0.1393012021573402,-2.7052594967477743,-0.333073715064726,-1.5667419477036932,-1.5025329500544873
1.061547399958383,0.8376702296625541,0.5304357193115041,1.316848199180685,1.229362706106873
-0.2511121438356536,1.0194351993039383,0.10675903822420985,0.7107215723041119,-1.0699507283271232
-1.0499823081818764,-0.1663368835412883,-1.9062088839202862,0.36634051696313497,2.1244587732300344
1.1416624387452692,-0.9785642046721498,0.17459357594876218,-1.256228629415594,-0.26030885225273703
0.9977984911127926,0.9060125279266225,0.1757547592599234,1.107049085923779,0.20465836031642884
-1.1846601515013422,-1.7731617369556094,0.5661659819742523,0.8006656770881999,1.5668848189568911
1.2322134868728454,1.202577878602715,-0.09744352195918406,0.19164043110228207,1.4437119931152957
-0.4333538086488932,-2.577374627282165,-0.16736470289674693,-0.5299660407845085,1.3399220067101854
-1.0263375074247265,0.05794051490193233,-0.4275421723535844,-1.2609785445470343,-1.0002612721359871
1.8629424281653293,0.39950294630613925,1.8729266274981398,2.3953127721498157,0.6749456671427769
-1.8443132166341398,-1.023000623045982,-0.006443645826460842,-0.6530316027631211,-0.7589196079715398
1.2886680507138613,0.2773351153232444,0.79212534419763,1.5485595309141602,0.06520883248511114
0.5117317421018673,0.5890271254674169,-0.391514243592933,-1.9376844787719358,-0.12863609957663327
-1.2262405380144563,-0.5179620707728947,-0.010103449384789465,-0.43856606474867044,0.0025665563394907387
0.31720312729481054,0.41037549471175894,-0.05244356995771143,0.6459626496005333,-0.79877680644373
0.6604616990493352,0.797932978520543,0.13237293973208586,0.09984359371679913,0.6360191069455687
-1.292721095714383,-6.774162990908494e-4,0.07103153459078759,-0.5385509361881404,1.5933663063346257
-0.48667788602892487,-1.9531890046562541,-0.3654087305408611,0.9852721665893491,0.16355715587852052
-2.887644703439328,-0.8836199272757927,0.5205239685445981,-0.25822821332826673,0.6611817481161639
1.6899219935375622,1.6327435936827204,1.7151053371223615,0.7947535753247399,1.1389963442952453
0.9235316659970618,1.0034970088124613,2.0019670327548473,0.43916875531759914,1.161233255429809
-0.7920840311271068,0.9019773068981111,-1.4530749743847962,-1.7638068106362514,-1.5891585008781768
-0.7355048607416671,0.5092223438403852,-1.8716010353833024,-1.067404186943998,0.02799942076717264
-0.34268517587280933,0.5965377123233893,-0.39936727126938626,-0.5449692033575642,-0.7517560210039654
-0.243864269698288,0.5389864739279298,-0.38054368726498977,-1.1182503965159063,-1.2570873464918981
-1.5421685173638675,-0.08101744170247821,-1.1035845283515493,-0.15263604709996734,0.0038165185912530097
2.6414714424052153,1.4533692857255514,2.0889637995227397,1.5156920081785623,1.1712686368987701
-1.0942013203383003,0.6195581565223782,-1.0930989114089027,-1.2818351826668226,-0.6860307845025225
-0.46142094673330747,2.1891944399199685,0.8346908022819606,-0.37042084010495135,-0.4491273491804784
-0.0962581130530524,0.6135469018918854,-0.08486661896265468,-0.9239812718709602,-0.18104896692906686
-0.6450867601094215,0.7186509275227397,1.533801139914988,-0.05779193804284766,-0.7645970490849212
-1.0590609835694877,-0.9290799966279457,-0.9579371690100424,0.14429787876251113,-0.09654505071571115
0.5962571335385912,0.7209255637596139,-0.5984671029182806,1.1911511750778279,-0.8400233480595825
-0.3018879847508221,-0.387352412469919,0.7088714892251003,-0.95257164420929,-1.073447961597439
-0.15074191781990898,1.0818364856016816,0.5976908189632214,0.09441591980541914,-0.3125511812113463
1.457827530030273,0.4497261210479251,1.3244095937169638,-0.3546893281236492,0.787349531179943
-1.571504484923685,-0.12215822294972203,-1.6785763610204154,0.13838933292182692,-0.7136042818602536
-0.23164637269472488,-0.6021873089548047,-0.7623038581881689,-0.865685787150884,0.06352714670153979
-0.5384195078393748,-0.64952924854906,-1.949676941983773,-1.6938175805742226,-0.8493213899618173
0.26446371581713723,0.19962424886640814,-0.8012995992307462,0.031187978462361154,0.23375264409942378
-0.6056739672256226,-1.8269963893070489,-0.482169319189079,-0.6989109689382668,-0.31139326008418716
-1.4568110418434044,-1.8312623948638067,-1.0331019079660118,-0.8626444046605541,-1.7575239464694214
-0.8007786611828411,-0.4719296486440584,0.956462733220848,0.3839370365192962,0.9008383144997505
0.7965946936838886,0.30075452578077094,0.7043005776166593,0.8874622440728612,1.9988045130519576
-0.9538799066820343,0.982383775402728,0.10908746377389911,0.6753180106051626,0.12640180225849038
-0.4903781316195125,-1.8210123436821,1.9743952641110165,0.25649587043390754,0.45356363310135506
-1.1111448469106726,-0.8799763191950589,0.3649413722079363,-0.05027719549087528,1.3332312722538444
-0.9162740330502326,0.02493609326006188,-2.1792187041760185,-1.0236639449378149,-1.6023946682649042
-0.12575603783285239,-0.3529989309074679,1.1925159491205748,-0.18300340919417346,0.4943754150470601
-1.123592500343381,-1.3309174985859968,0.043314551796686515,0.22027513327047632,1.0149867126088872
-0.2249592042379447,0.967206292254024,-1.199625837851409,0.822723357548721,0.7630715228828738
1.609446647597469,0.23490960256942503,-0.5022247330482646,-1.3653715421613843,0.04412297228889602
0.552059732600548,-0.3188825350188565,-0.22805330436153093,-0.37339064943322753,-0.868842723353506
-0.152541597008523,-1.0845073458350434,-0.973334299671303,-1.3943684660337476,-0.9685786751630809
-0.060957910166417204,0.6644675599530944,0.3458181362432791,-0.013930686363659413,-1.608096594067465
-1.2705578176529273,-1.0190313303515717,0.9395956840854127,-1.1166354409052224,-0.03943707254994838
-0.38787731479494303,0.6847451626306723,-1.3970266611504754,-1.4860363341794716,0.38707045736536316
-0.8966598016263723,-0.642540556987758,-0.5915045137138834,-1.5667748773252055,0.9255265879041109
0.3299916964188581,0.3082605520174023,0.726324123360172,0.28657499386010743,0.24309589721212166
7.109172879019576e-4,0.2415237715781119,-2.212567228385752,-0.8157732538011476,-2.8973192788360667
0.516080799119342,0.5964901756606505,0.694731364868841,0.36219974959746654,-1.1696412827987748
1.2585027099711932,0.28935565962856064,-0.2560824152950117,-1.701628690748882,1.0612660359558044
-0.9716591905523765,-1.9021505365195013,-1.261667247601187,-0.44141888145900604,-0.17264985269770144
-1.490484959193839,-1.1851295318997532,-0.9858289855153101,-0.04784168122010565,-0.7199182176983624
1.1020654637720173,3.084322063538118,-0.22815567503010337,0.14687153087404453,-0.15075589287678492
0.4150601162945701,-0.7915422897932146,1.5865707112775502,0.9266652827098237,0.5519362625832227
1.209161307479493,1.0322860822515572,0.8033949123766518,0.5695779888100135,1.0888103842090473
0.4451843291520609,0.7108510736189915,-0.8245820911819949,-0.9345548358772758,0.24739119094335818
0.8043913247694845,0.07799549258366624,-0.2621860629274768,-0.4643964317926628,-0.8445783790393353
1.0117061155417744,0.14952538820343533,-0.8174943778696542,-1.4857117861077143,0.07812782200292381
-1.3631371286007998,0.5665484790883171,-0.7868474664017792,-0.1632635033227238,0.15578267426876266
-0.3649561595551416,0.18068786303682785,0.2149966840044349,1.7332137613162755,0.21816691421892603
1.0217707175130915,0.06729302245622582,1.1104251477827356,-0.028846031090948465,1.2296101295551822
-0.009356044819304243,-2.342158049512455,-0.5470309702609333,-0.2950674071505083,-0.550856253071748
-0.5263357194405831,-0.10792698556475916,0.04680427576921964,-1.104046036807449,-0.9417038415161116
1.7242051562127998,1.8100544311316358,0.2962991259232909,0.8537146355902656,0.5285111584898986
1.390212781821327,1.009214717189519,-0.4555954560485663,-0.20988780749572833,-1.6064869139221218
0.7133466923906975,1.0139469883081795,-0.07220531324476054,1.3306345573522083,0.05135409365051957
1.301161166162621,0.8295216366903334,1.3348083008452125,1.443677450747606,2.2751602664111434
0.901520456140251,-0.2993836888621386,0.23846854242654358,-0.2927160079952758,-1.411496499386702
-0.6721798573026703,1.9446460833905546,-0.15402038726953815,-1.0650281359271943,0.6761663709973433
0.4543844200058492,0.1376720217657757,-0.9282676360312017,-0.30261798094692327,1.3390255473590105
-0.6744047224816492,-1.0786821340061903,-0.15614439917114695,0.16133477405858818,1.1599755877560525
0.04907860229519839,-0.1940571499266659,-1.1429047888090664,-0.9130321956202394,-0.7461369795589423
0.29438220665722425,0.48469088356961293,-0.12471986086546683,-0.4013514041898041,-1.0683633333911473
1.7613571252597997,-0.9085317745665558,0.21163325809986333,0.18012031747146157,0.739397531057022
0.35939160317576596,0.9944616844867387,0.6573980748260992,0.6093065170511248,-0.2039524115057985
-0.06116671574645302,0.13145321143253752,-0.43890509585993626,0.6324307825853442,0.2641069688207968
-0.3079406074724309,0.3816009052070479,-0.09480087231951828,-0.14617376271045618,-0.982020934096046
1.173985906290456,0.4242445742631713,0.2747490416492383,0.6989236321180405,1.0382948340116553
-0.3655564988786777,0.2973788684832547,0.3678218541959051,-0.3539469121776373,0.8669829858136111
0.3004381568879713,-0.975018300575828,-1.2652074913136602,-1.3123078304465645,0.11748265853453942
-0.07907404105160361,0.5011692025566914,-0.6606512155568228,-0.3868385840058658,1.4192986414929813
0.6354345473094504,-0.4834112954054588,0.8818464036878695,0.8066262207188188,0.3340579627364223
-0.6532792329849686,0.8658685276671183,-0.07197941770931093,0.1472376751171901,0.9532024787120913
-0.4179257960507982,-1.445183304328377,-0.27101192727172085,-0.500228901136166,-1.478344016570956
1.4542605548746885,-1.6889324606900287,-1.0770414283652967,0.12196494443154005,-0.9952327573235591
0.30874879743906336,0.18656137937494943,-2.2051704991967545,-1.1246797317578525,-1.2262765024154132
0.21565499318910408,-1.9306175506959946,0.28551358501917556,0.49328632554268,0.2148195627516921
-0.1457722826264175,-0.5775805137994441,-0.004126901887667012,-0.8416220323006735,0.21952484503689884
0.3317880980457252,0.8285986096284188,0.45698486200324584,0.7792485957255899,-0.6633247176080369
-0.55145728442492,1.4634190475403484,-0.8045584054099756,-0.499526850654486,-1.6330791133112976
0.025991539654913742,0.8141667306605007,1.2297920807865284,-0.6258810482205203,0.296398327399299
0.45635079816374474,1.1774302552501188,1.265276938962698,1.419173734295681,0.42158834700512626
0.016311384513548424,-1.1687922658542909,1.1888691447408628,0.006428938299719744,-0.9241765849015624
-1.9467845726567847,-0.13910563585241714,-1.946730113336358,-1.1218041400447791,-1.2495152615449474
-0.2541211437424781,0.3193725468649767,-0.7121612864385969,-1.304895256020089,-0.659267929275916
-0.3668552157937409,-1.2349755329717327,-1.0474487754735564,-0.8087926271303052,-0.511214476430838
0.19465214315010582,-0.393985546350523,-0.9514231352252429,0.6617542136116927,-0.8599067202908806
1.3491067934381216,0.1380910208774003,-0.2706406337797754,0.2862383368940954,0.6254509682562794
0.7826093340331266,0.6923725047965668,-0.6816139274235777,-0.17357481682990744,0.2350522714127743
0.36620928350887216,0.42063277363664736,1.0774607964494387,0.462070075273304,-1.888043075926633
0.12770949436624715,1.1520459005655912,-0.4253389158610318,0.319605218802365,0.6911859675845998
-0.1510443394735992,-1.2708973516559707,-0.12032601505990809,0.2675331106766339,-1.5197002746130237
1.9914565146869974,1.1399083718123941,0.4530480169273704,0.7724053062426535,-0.48961400676638517
-0.9266820096012547,-0.4838796485608447,0.02285380595045844,-0.5713856287691166,-1.1514099020274717
-0.08773080680371365,0.535788171153674,-1.1348513791837052,-0.43325101606371175,-1.9253704383327637
-0.17724684556081122,1.9485437386734867,0.4660571592444974,0.6849554345655885,1.5387755793149775
-1.1717580771649239,0.972656285808154,-0.6109532938404745,-0.8006958583585521,-0.31010482877338436
-2.260034386027788,-2.229289500754117,-2.7502107050785005,-0.370778083348709,-0.4408859514270498
0.9116111750070328,-0.9398285911095495,1.7064320300122495,0.4272561689838712,-0.754346478029738
-0.9815293294125491,-0.10007148332018262,-0.9306449173122833,-0.3422073396201202,-0.3937138334273189
0.3023531298945223,0.26134153615444217,-0.14262492062611998,1.3035669716808174,1.0659309904661713
-0.9141534345174057,-1.4023970010416995,-0.8906736896202029,-0.9250288681790804,0.5419262350003718
0.08404505673349488,0.16570259281319064,0.5874969588226768,-0.7892590828438972,-1.1081935810068073
-0.055929508470321646,-0.8382173194830315,-1.5665001491479178,-2.1980270568809797,-0.8403709271808312
-0.22249990434836098,0.10155994206121371,2.5834249273728744,1.303638464056794,0.9672077691999013
0.24560125363101204,0.7631004992773391,-0.5910575381472667,-0.7589202975751662,0.8650036647655
0.4856265363393745,-1.2313882122350204,1.2884579513676289,0.42496026483821764,0.5695841451304017
-0.014538664709882243,-0.7793840885187773,0.843638784779535,-0.6989463914579889,1.4341784693565238
0.7057191022434887,0.811157782113424,0.17289255995932912,0.284787673732701,0.20182191170333902
0.3714464179731254,-0.4265124431102645,1.686147491059232,0.5637792970647535,0.382579449675962
0.6349906481499439,0.17004473932463526,-1.4578148243435258,-0.8010097447916349,-0.35465712781595715
0.2900536872676119,1.158459008745914,0.732008051680507,0.9762233654103479,0.5891372394392138
-0.9011852728391279,-0.3825349675151629,-1.0200882823061606,-2.0587757969281544,-0.48127909873670205
0.6743218166901359,0.4451499430429544,0.7486489952783594,1.1364568605196386,1.0471822986222552
-0.744487606741381,-0.3420948451082266,-0.42529273214136465,0.3207581715902292,1.08762147342015
0.5038224063490312,-0.22200513415866366,-0.31700478937800114,-1.0967808269382056,-0.7553133106750616
-0.6373607185733313,0.4901312444070294,-1.297137933058423,-0.34850610340956845,0.10042339943136877
-0.4408813033557413,0.4154947391947494,0.3947105752947892,0.5524919156297424,0.10524994355020839
-0.6022070196916909,0.6863047367970054,-0.4144233142341227,0.05150488282277642,0.20595712685210105
0.3169529410080648,0.02533239035496737,-1.2362601041451164,-1.2157602361629525,-1.1364670771451106
1.9788022925341537,-0.2865059955445644,0.44125300472857165,1.2477582918877417,1.555337647181519
-0.6654478675990989,0.4433631485678683,1.6509165596912827,0.46770093302950677,0.7342207760859994
-0.7821764914576254,-0.26435372805755564,-0.3182133819288901,0.11075000823278822,0.2679007852840563
-1.1997536296799423,0.04275264812908611,-0.13064368853553499,2.288364141329539,0.5525550671243553
-1.6157095771592334,0.7867816115022765,-1.3897983910378335,-1.4646205455233265,-0.6227203924988746
0.08752334189077182,-0.8178131692709374,-0.6503374130517946,-0.09485487908418566,-0.9922890440647038
0.552860702754177,0.07963672513786318,-0.4808565246909725,-1.0739942135608511,0.9591745997348292
1.1252491780629073,1.1730354379941972,0.3994996663967322,1.3554372950280982,1.1982978577027261
-0.6143662309379756,0.22363259453540135,-0.9575068181679236,1.3785431329592472,-0.03091688013257657
0.7988595404784246,-0.7356582067052463,-0.3301398457307503,0.1875748094828129,1.291061590319589
1.148008660886102,0.033410263250818195,-0.33001428346369976,-0.02980491496174187,-0.6054980780783502
-1.1382894647455135,1.0620303016830996,1.3899742228607486,0.9865029954068218,2.0138946110338103
-1.2797602719376548,1.0688227883245347,-0.4973997751433189,-0.5776434501920757,-0.13816995522695802
0.5562734506806727,0.19491313145110628,0.42210953474868396,1.2312971822069243,1.1894522126648608
0.6062468615425771,-0.3123856395570244,1.09721074252623,-0.644148611119206,-0.1807856942153066
-0.6960656310865728,-1.0661134284193543,0.6734210459117851,-0.019445311809205834,-0.419676976922604
0.0784581522227269,0.04944222268051618,0.592229465075846,2.1310434714033195,-0.4981969311333251
-0.5739266203525186,1.5315725638427582,-0.919689323917107,-0.26921831861005113,-1.7266703075762813
1.3425544380178185,1.3351334496127054,0.6184299035900213,0.5112955836666571,0.7440478191352743
1.2460812065474958,0.10074042173127026,2.7255291980402965,2.654877026016894,2.711434249775067
-1.061257279640362,-0.02610216818856348,0.7560707884740852,-0.5628481264924897,-0.8344444603760013
-1.1962090042956381,0.03585964202938169,-0.785513842620816,-1.6861656038598805,1.3040581827354707
0.10976796720150862,-0.7341458450019145,0.3100889186931246,0.09323937748716865,1.2953441282364326
-0.17086559731864087,0.3922367191132343,-1.5235392578461529,-0.6603173055008031,0.6636885824768394
0.03252662061329248,1.836808017394537,0.612455419739644,0.3944467652314211,1.3882384735185223
-0.7048631671309302,0.08315536218119757,1.1467794782748528,-0.28912492883320945,0.14470905527999434
2.3471245171473263,2.354258201394121,0.7924431963186991,1.4157443713518914,-0.49569857163832853
-1.9502309783478806,-2.3905409787702747,-0.27907865798216835,0.7058879216617071,-0.2966048823022878
-0.9242745397392879,-0.3536364433506736,-2.133232843668731,-1.5519213024792387,-1.166487821841674
-0.32013107213642067,-0.7637973550718713,-1.8363870298740288,-0.8292850889901383,0.407054413757849
-0.1347822906338453,0.6400878564325709,-0.11635986870304238,0.6029681290068878,-1.0352641973045882
-0.7525005445144762,-0.21423011764857988,0.9932359503216536,0.20919430510899611,-0.2951827639539649
1.5477163679636712,0.2890757442762021,0.4247405727428252,1.4021964426591944,1.5544823836612833
-2.168889021237081,-1.3537632191629743,0.6556838842385334,0.2413197268251009,-0.2084954272547647
-0.2602602443284621,0.8612277619683035,-0.6448084643570782,-0.16906199298164648,1.3805011121941309
1.7591120370932516,1.9658471633842385,-0.15170921326448816,-0.5633888669737053,-0.7584679898514259
2.454602718149511,-0.02808993718303423,2.1288305830880536,0.3540944018736286,-0.6910736993957116
0.48696697782574727,1.8687832641065305,-0.6811819144220382,0.19761303074348202,-0.745406246044227
1.616205580233153,0.6363414489329169,0.2855551571793736,0.31476789054526444,-0.07127463479219814
0.3736473452223511,0.4666408615813236,1.6561889143503012,0.09416455514539279,-1.7536391097291129
0.1746765435862535,2.1964681421605055,1.0623563687057387,0.5616978921084024,0.2290762156593389
-0.6500018094218334,-1.4188452779342697,-0.23366228928200006,-2.2928154175285576,-1.2995782697616975
0.2976266806856508,-1.0919480425350967,0.4461253910499148,0.35183959146045907,-0.20086704015112639
-0.8077592832799745,-1.163712027330293,-0.5283070745907219,-1.0447981425953325,-0.05188693090646454
1.9617834287519291,0.1282494613579956,1.889890548891221,2.0213114932752854,2.868706323510145
0.4446229683992693,0.8569551343204063,-1.1130110320645368,0.6536820326747012,1.0517154403799231
-0.18817395358999567,1.094397302708078,1.5945665692514925,1.0031546127792768,-1.6548563815942146
1.5023690592081624,1.5726127699210497,0.013637737094345292,0.779500303864181,0.3745410005549835
-1.206877041387022,-1.1324414566126833,-0.42606168040616954,-1.2780480547737472,-1.3620976787990517
1.2945218359764497,0.45828050836471157,0.4690693651881048,1.0214580363022034,1.714556735247544
1.4963518325076863,1.6856061365985067,-0.6708719078072322,-1.798696817834567,-1.8313400330316223
-0.160895948652239,0.16864748591982104,-0.9083627376892833,-1.7899127089149538,0.09782775841459301
0.40731783255900944,0.5130200871302647,-0.1367655024176046,0.22691084812938478,-1.9334315324741032
0.3892957000334348,0.6644140750919598,0.01489808741320664,1.193414517324101,0.8254379408088179
-0.7409907992514215,-0.5680378431541788,-0.3964706914183997,-1.2202915290348086,-0.1870622974301842
0.07800340018945343,0.5093812830195754,-0.7177423787658611,-0.47359333212414906,0.24211031306598957
3.271441040226712,0.19915321869859687,0.15128312063094063,0.36237386232811897,-0.7262489623564419
0.7320258236864002,1.040994519308132,0.894529579743208,0.5527648341109859,1.717979410026518
-0.8668377783121801,-1.154782931803044,-1.2589014826490519,-2.06781085641575,-1.8410524546056952
-0.4941749515213973,-0.7779307108538263,0.14882126705757692,2.319657428371164,1.0771546942126822
0.2648904592961608,1.5063253078317356,1.6949195389421177,1.492118185906505,1.427074595447504
0.6026763984789286,-2.6815325955978215,-0.3469286747246346,0.6224079580485342,-0.39750265539646334
-0.39367044984386446,0.9187673355349166,-0.0699216293167555,-0.4996361774388516,-1.032157249780143
1.110434840841471,0.7975255011556577,0.8973784408672854,0.36212291269703767,1.5958693478386932
1.4858874873080021,1.2004264640995037,0.8587649196989834,1.0392652405330602,2.284183312999144
0.7783718595215909,1.3233451574350235,-1.1743078266605016,-0.07318972222294162,-0.2557348480691054
0.35061894059451126,-0.37748583671770436,-2.287183815485804,0.2925710240934801,-1.9938824649014968
-0.31206400159643904,-1.3093609465526308,-0.5631817658809044,-0.26891455382560675,0.3223358242327462
0.6147988713919447,0.6058523455456843,-0.03325787710643399,0.4957149867996592,-0.013292084631302575
-0.3272326115157481,-0.4553366654558354,1.9882686781599697,0.7686894921623767,0.6372096693510113
-0.8530158767911498,0.08371975476838538,-0.5706689360595508,0.37352194981312925,0.19036061004033694
0.40376474247241134,0.524034028300581,1.3410058893343306,-1.920834314506216,-1.095727617282345
-0.37754215941663205,0.6990259696125957,-0.23786565935853693,-0.5762457187406329,-1.8066870624376181
0.7341084501693734,1.387954276167617,-1.0176750166370163,0.6418536029090884,-0.25699179613557344
0.05362266890424963,-2.0876289057063504,0.2804497108571222,-1.1341229055822817,-0.43040875933017075
-0.5302867605576981,-0.4191238497760791,0.8092482856401251,1.5711053350044373,1.4278684996362079
-0.22775766118927815,-0.8832230229313983,0.8673012094210734,0.872417417983909,0.297659194233135
-0.19688554664723978,0.22409564901209225,-0.6704412805137069,-0.9407676906542107,-0.9118979196986698
-0.6334688321692297,-0.8137355034696875,-0.9285686132633514,-0.7839349367690602,-0.09499066614096718
-0.2566341904416039,0.48602018996521285,1.9993425616718106,1.7704398144388787,2.7780183617545147
-0.8298211444446473,0.08147097557534798,0.42448063377901973,0.40285408013725765,-0.5682650182500301
-0.02844244029434044,1.0672532420697811,-1.1513970938828373,-1.286014504194861,-0.3900050838818135
1.7314369625090753,1.4293230919758282,0.17102125703542823,0.5651967044054697,1.241209620866917
-0.4138394817976165,-0.9428628314821521,-0.4401426098469557,-0.18063480632424742,0.4143810351403266
-0.2398536009071688,-0.3519261792809349,1.0822284201467518,0.8375191946619662,1.5460795621249608
-0.7197962581908874,-1.3660810601322735,-1.0277119302177429,-0.18230349348965308,-0.15256093671149773
-0.03838657933144701,-0.3903934570800681,-1.0763940180197058,0.05517660169588007,-0.3445743059000711
-0.17922896636044824,0.051414988644462145,-0.1630347896766281,-1.7579891363019367,-0.4990145215009535
-1.1029623750115987,-1.0465395534753918,-0.12306943879834367,0.9003530815774302,1.0679556032759987
0.08666851165104289,-0.03456073373516941,-0.5571956961005644,-1.8109217113264477,-0.5294428765119178
-0.5998555885008661,-1.4054564280450712,-0.3677978386460038,-1.6102127163680913,-0.8096454497940544
-1.0043014980948677,-0.5816970957475623,-2.288299479115702,-1.717507291871212,-0.8253851540428205
-0.6121888490690612,-1.0010193952087247,-0.20390499754822897,1.137294272898736,0.8037172188823508
0.8028282470661504,0.9561812148458873,2.2063796935843913,2.843194875934852,0.49758632275293757
-0.7053133017814666,0.07935215200237969,0.1486924401478551,0.21113683591909632,0.21648139190231896
0.6269975339323071,0.5019165000625125,-0.9816345095162575,-0.1885968819287432,-0.6132319645692531
0.745579570479969,1.0792970412493539,-1.097910391888874,-0.02347955473756297,0.04492555454921626
-0.11302755119655733,-0.28904728746586755,0.09103096868889154,-1.286091368697533,-0.34552907148021617
0.31473557242248074,-0.5261609058339614,-0.013641637511206228,-1.0786015599418086,-2.6012919669525845
0.29266312053177446,-0.3009879675693129,1.1716763451717673,-0.2473454052010094,0.8035423379128895
0.9528667590474837,0.3256048112848722,0.018946520462976513,0.7092949244998752,-1.3200987047079042
-0.6135994366857915,-0.2314113732247923,-0.1158694179344536,0.30729384573776464,-0.8425733092753742
-0.06289055272755589,-0.1027492664655846,0.32574612422555516,1.6363045050264418,-0.10464833997384944
-0.26224689391384315,0.9072421322090174,-0.2777942397399631,0.4058922518589333,-1.1743147987060127
1.9786643343509096,2.4315071321556534,0.8287688427234704,0.6218403815800145,0.9647808882920084
1.3789840228752355,0.8729268186475088,0.8361671940917295,0.9328649369991933,-0.4632230091208319
0.6084167986971893,0.32525874812307104,1.8528216683475962,0.6553864276817667,0.9540747804167071
-0.1292840469356386,0.6251241609194339,1.1690864113611332,0.2921242027683153,1.0323854914387331
1.0343622157453436,1.5429828504342908,0.25918565207979755,-0.5490992767920939,0.20839814784405689
0.01786708826196437,-0.3262359283404451,-0.08660561686274283,-0.23696648107014467,-0.8244338683811427
-0.29209770921868117,-0.4476603505430272,-0.18110495016151532,-1.1840677627178575,-1.4140146733983252
0.5885441398162543,-0.20613700652616734,1.2122653620014825,0.3071051580854526,0.4070656263178462
1.8295645763185762,0.5844114846609236,0.9447542812392484,0.5780461346590651,-0.9301421572048503
-0.268266691448795,1.0091406173061468,0.40640107425827526,1.0986086962933157,1.5748452255179357
0.5084227591583881,0.13683702435783876,0.7476550639264005,1.0994410276368667,-1.5515646295736543
-0.31233510263777875,-0.5079007016435032,0.9105966437021453,0.21303952361837875,0.41700705025927104
-1.0128223195003156,-2.722642641116054,0.9554810188790572,0.4241790216441059,0.40826916448123685
-0.9353788078381415,-0.8010221602566493,1.557300445252903,1.0518135937344573,-0.09865761976774241
1.6325017189333515,1.2212210937073116,1.8378557274951448,1.1217257875890276,1.1759334821560863
0.3055480162191511,1.0849513522385963,-0.2050373964118452,-1.173509255169434,0.6100008758239578
-1.1889998100514274,-1.6543956572381198,-1.5687347908462341,-0.5096364020482561,1.250130198904114
-1.4227851410567796,-1.505834492689007,-1.1661580185939107,0.48341740579503256,-0.4757200237422633
1.3701508834346132,1.3607408557811458,0.6047641567769557,0.14720812256234667,-1.0143534586787337
1.4769312807942478,0.177767737254945,0.7967348970011977,2.030163712790895,0.5684455315341435
-2.9806537145899927,0.2464219981449578,-2.0386023105703046,-2.0387918579657844,-1.1340755160258305
-1.1206779273399698,-0.1509938575007739,1.400484425560581,1.09205457470802,-1.063115860362454
0.08185973803244882,-0.1189153276795091,-0.24222258126975924,0.3606166358251332,0.2923094349401691
0.19463533591583335,-0.6984828533756077,-0.2729256132888748,-0.220352661652842,-0.5705549349076962
0.6828016157178203,1.2675990581665937,1.1928153268276076,1.8658948762737433,0.3503164919584385
1.141841242983316,-0.778240259317049,0.9176460227588361,1.5177534580024628,-0.8520642774244711
1.4301184684556856,0.27733190053176154,0.6396522118317467,1.9751432575389998,0.7782927542370309
-1.8514988622726627,-1.1898882104100859,2.0331189632000775,1.8830329243455217,1.3157884381491103
0.7674005353504889,0.9949754951801547,-0.04296787073032604,-1.111846034435551,-1.065990919666136
1.352649037438198,1.873088163819223,1.8981476215250024,-0.136701741970629,-0.5773467504002832
-1.4106865575211542,-0.6661780337841803,-0.007424248655619414,-0.25220265063638747,0.4468804780931639
-0.20523984343148177,-0.17588502271616008,-0.534027529872274,-0.13097619326476834,0.1650415081177758
1.4046465420581544,1.1389536962796187,0.6601759022717815,0.3002002884921233,-0.6146913767750813
-0.011865909459748386,0.3369431076578658,0.5239761570124724,-0.6405308692675578,-1.1794427028482677
-0.06663206754791226,0.2709692012877769,-0.6246036988192287,-0.6855486451786417,-1.557496563363416
-1.7388672217576282,-1.1185917491936814,-0.19017530771131974,-0.2854368923376883,-0.29246167538127726
0.6282158123960452,1.931855806446166,0.16524169288728383,0.04757506790744909,-2.3295869041089596
-0.3091144085274363,-0.9989360698376252,0.577119565052626,0.6414117542856551,0.24793473624920642
-0.2770425374585117,1.0816322891260903,-0.07615400474409814,0.1280657618143993,-0.5237290849858367
-0.69016982493383106,-1.2634488169478555,-0.33832439137248294,-1.866779461308385,-0.8069180496946096
-0.8212159315444849,-1.0517830759555031,-0.6405118237358911,-1.125058437100468,-0.10522956266958182
0.116966524431422,-1.1361284547454567,-1.0974641102769689,-1.052386663973879,0.5122101819370785
-0.47143567063011527,-0.1603242233148523,0.3303107550379626,0.4210125291948046,0.9735795833233911
0.337693548587077,1.3112626548859472,-1.06303689677423,-1.3085203307739877,-0.24651225946181157
-0.09431463141343366,-0.6901529521772962,0.6750904261228201,-0.9880744797340135,-0.44131283345871475
0.8691146145198206,1.1588410489639283,0.34828469167484244,0.13031883312645748,1.278796790960332
1.7838985600491335,0.9213362270897939,1.2305382088431978,0.7034870706348184,1.237085739082178
-1.2094593969712053,-0.5225235950475016,0.2761305167535915,-0.10642828569842547,-0.7664889015478025
1.1884836253786462,-0.27615687926515375,1.5882769481500794,0.8060847625349137,1.8633420460363543
-0.7544708760033899,0.4694277304814964,0.7958093962685737,0.09701847112496614,-0.76564820409746015
-0.7204200971046497,-1.4232669676974752,-0.6689257189907827,0.6586408134614394,1.5138970563164527
0.04740017675432129,-2.1620289234108934,-0.745032201804926,0.8095675890502139,-0.06669434044410402
-0.7338753067657393,-0.7903272506871866,0.2724348969610547,0.16783380983055204,0.4336269252760842
0.2344350709017633,-0.5575141015375353,0.8398897557475598,1.2366526152008608,0.5751655639135143
-0.1117380000106013,-1.136756613065001,-0.9777319232785153,-0.039335444314944956,-1.305228437876465
0.16109490574666183,-0.2713066164263045,-1.8032773008473084,-2.980837583980505,-0.7540201274142699
-1.0503467776604487,-1.4548348575031271,-0.6601724420105353,-0.641762215988947,1.040703995614259
1.9478155294863,1.3934108783621695,0.9107106638315843,1.2375150377457018,1.1481662592915791
-0.28380935263752977,-0.7157940108793468,-0.5206387963398142,-2.221082483749542,-1.0446511324960421
-0.4831980494435963,-0.2805126180062654,-0.1543353687721598,0.26152406567375575,1.036947395084135
-1.073466721725999,0.44933979812226277,-0.7264255626083546,-0.31292478182388217,0.13293443439316407
-0.5295583732893232,0.9533676263570681,-1.024097997038462,-1.334480050071338,0.21613469540891184
0.5313396320854856,-0.33945647743404267,-0.2852910058414684,-0.15717247551462638,0.6811236878376625
0.16538162743646154,-0.3801388217132914,0.3593640838998971,-0.06275422267967684,0.09884533401208216
0.2585805865914875,-1.0534680544828339,-1.5271240230993448,-0.12775693713640568,-1.1391018358903624
-1.7517169125433605,0.20343201346452056,0.7228484806719613,-1.2444961462352653,-0.2797146544398196
-0.7775860483266412,-1.1516980273587902,-0.7954496949452567,-0.16421726170257975,-0.5311652719658587
-1.6663485202664299,-1.8211127097790532,-1.1803236887471211,-2.2142551554452843,-1.2239467825217598
1.0367785713390438,0.43832777445961263,-0.84119810432262,-2.1526906495094225,-0.6136585641875874
-0.6329399239730528,0.3864553306329138,1.0995980010831345,-0.09064375579285311,-1.8601236902067213
1.729485980838797,0.09313938975472827,2.0696201792763875,2.041015000783879,1.3127920568355713
-2.274555064193285,-2.4728165529255532,-2.520299963735723,-0.74535536688674775,-1.0699325380752092
0.15849606065897198,-0.24419726676682046,0.7545967947483341,1.052693446008494,-0.3486771419624688
-1.525522755297481,0.17400867803703482,-2.441843903946504,-2.804639650848179,-1.0414354106894905
-0.11917687336514848,0.07111836974133223,-1.1007238162902402,0.6357323046276075,-0.786616994702459
-1.0013311260347828,-2.1517424456699077,-0.2629420665390754,-1.0417880531321313,-1.01460308237059
-0.01900721839588313,0.831601909370531,0.09849335032465953,0.36700874663127425,-1.041787388009264
-0.6249665053207097,0.07376992904435355,-0.8726534666997416,-0.3565292242817316,0.27594605630288815
-0.3534639550593339,-0.5467210713312269,-0.7035776656821577,-0.40302421273767475,1.662506576448154
0.3536652947917456,0.3529448023627655,0.11488140270010644,0.010080908834864118,-0.24317538818837747
0.23121602120552304,1.4332536300899308,0.2025276364172217,-0.7814708697503192,-0.6263108132241048
-0.5673529470774414,-0.4653332831991817,-1.017319931890204,0.0019954531587789703,-1.556718541624657
1.3154156939320432,-0.3248736662223278,-0.37299166784328924,-0.59304597222913,0.7723399209808612
0.67917718352357,1.5597032920335552,0.9998059794824545,2.02909347793484,1.8466409909979613
0.9972288796800364,-0.7428935841555263,0.9891605938481494,0.4659037288498235,-1.6397118825083035
-0.4448365710337875,-1.764730257057368,0.9047205283248609,-0.9122841692713838,0.20423418564397838
-1.2497531577253302,-1.251178338636144,-0.8185356689991372,0.9883259028042568,0.2703139149173285
0.1060170523711076,-1.2853749406004749,0.22651804529207317,-0.5247246142827728,-0.9203802799765366
1.4230251924720678,0.7660258856279405,1.2551895319997846,1.4314062814584676,0.7421618631896663
1.0491548199381315,0.5506538980952298,0.39761289641546416,-1.4941847203307685,-2.092088195275892
-0.6751179121043185,-1.876710046530612,-0.0837354832993995,-1.1825579796551535,0.5647902963355382
-0.7902572599057593,-0.6853250113803837,-0.8309113329554372,-1.43032312627917,-0.5134930397618638
0.6675396087222383,0.8801150465093156,-0.8292248496851329,0.21804497181051877,-0.03293127596411108
0.9528897627167232,0.8666190155847499,-0.5678910885562842,0.21440242097544077,-0.3416074363058992
-0.11748839556432644,-1.1399936013008944,-2.35139573133347,-1.1260642648986583,-0.06426783765206154
0.8162311749422739,0.47564987751163335,1.5592091842727032,1.578686597168457,1.1339609119446568
-0.17485966841962772,-0.10716401174537898,1.614926243585245,0.6164129557068958,-0.8748233633090864
0.9957816340221172,0.6615603504742285,-1.1860299694162637,-0.5582079714408205,-1.5466901408315623
1.1490486983813517,1.5057046696273613,1.629707653597112,0.07102374447626403,1.2365351710960149
-1.342974358988521,-1.3454113274574937,0.18796938640005012,0.7739893550838447,0.7817439982080581
0.08664187250139771,-0.5310163564485961,-2.248384151067027,-2.423920963237873,-1.0628158531523173
-0.15574735645526963,0.9228952054343502,-0.13020367884936135,-0.8318002725448157,0.47405101691217055
-0.10064653601203455,0.39543099410400473,0.6940954287959658,-0.630900302843991,0.7178241381626984
-0.044591857341110736,-0.5127015523892552,-0.5284610920899389,-0.27726064591275257,-0.2621940598315451
0.2853032766045219,-0.03370270844109968,-0.33743974572657,1.2502448574731728,-0.33824764492244064
-0.5416951846930109,-0.4162506983602815,-0.19510887031748292,-1.0476221999056905,-0.5836538801163206
-0.6160555927309611,-1.05394907506902,-0.36272638462254186,-1.1560652152372486,0.2035500608607657
0.44443460110031385,0.034074456712902185,0.1695868185637685,-1.1164791598723895,0.5957842657997738
0.5940363688102498,0.08297735973918835,0.3907419156143992,2.0760283785109124,0.7771501358695061
1.7045959262610455,-0.060135451530781286,2.0566433852398465,0.06415669781199906,0.4037232725346307
1.120300484814231,1.518418515729676,-0.3248934633689988,-1.1399128220523693,1.2827359823661364
-0.6200691198960608,0.1574530041186529,-0.5982553029106141,-1.1674711201702719,-0.3297975832906931
2.1414955434250444,1.1885127687011607,2.290663694640344,0.5945451384184509,0.1153842968978171
0.8029419816424055,0.7584006852669436,1.4074968057786001,1.3172582356904936,2.2978751958096426
0.4119516889919105,0.6110049655893404,0.08493637776852547,0.8765586270381593,0.2519630094874044
0.9494673450278424,-0.5014152944638166,-0.499355394843082,-1.2234609043168008,-0.03658169316157131
0.7223829174189079,-0.5556455089434909,0.7764196510318178,0.967507076979429,1.1283147226400607
-0.9046768980702711,1.2719317145973887,-0.9172971884436067,-0.9242960454149545,-1.4246832481386713
-0.17429307327052543,-1.2317012586316414,-0.3482974788944623,0.2103988676512997,0.3940607977935424
-0.3136008225654593,0.4369645332550575,1.3800422666398897,-1.5133010435493968,0.7043522983869461
0.12132077535116209,-1.08188343968192,-0.6754189195796961,-0.33107638671592865,-1.0093489465584782
-0.060065336116383455,-0.5055545365799998,-0.02211754947069372,-0.2115872282451831,-0.674863286367266
-4.206731321207413e-5,0.25275016447320103,0.5770992882985253,0.3626819106901623,0.3052704289022305
0.49756403335318306,-0.2032880500270572,-0.36118347640866233,-0.4367074459514616,-0.31440510875488936
-1.426489059396044,-0.7936848586523298,0.22595179373204904,-0.3702217602840454,0.1997818060975156
-1.2754976101413376,-0.5517365336142404,-0.141396436561892,0.15085835633420305,0.7758449211019832
-0.052797015125751766,-0.10790925706313484,0.9483741796966639,1.1864984310809201,0.06193404006023057
-1.6257050072597425,-0.24432929263017178,0.47548285780796573,-0.5548415001663174,-1.1066610005519728
0.2727443051505216,0.13482646789692415,-1.678187939029897,-2.122221329325236,-0.20371522736592737
0.5813417793679503,0.8568855950198134,-0.5264778277276294,-0.9917702636372787,-0.816583627520929
-0.3809446462660765,0.35906856365491585,0.011550923341073369,-0.016071337064526667,-0.4909171367454294
-0.24665285199636913,0.48472913071863244,0.6608528828293667,-0.4912971301457313,-0.16750517373998244
-1.285156459269802,-1.4290269961597328,-2.495033046096574,-1.1731835097555623,-0.769724443088159
-0.6959174824321687,0.11027008966816038,0.47905883832832274,-0.7065842276625401,-0.10512568058283803
-1.019931001559847,-0.399081246483802,0.7715808875406585,0.1185989005916851,1.1949070683606844
1.7241092566833303,1.7434252104211336,2.2492285428252536,1.5430734306986151,1.1520834283467596
1.7858985424424394,-0.22034020412484961,1.054173711531375,1.7183704792336445,0.7262102735597084
0.23567842802009872,0.4279022574283117,-0.3200422739486646,-0.1463501625715052,0.1816628513592859
-0.007915951680772429,-0.5484602413050678,-0.1983239128054658,-0.09745114248050227,0.15379688461878677
-1.001693736741906,0.31192723380953347,-0.898786425862177,0.07954471549409627,0.9451496374306106
-0.5147932343493062,-1.1260225044036019,-0.12040304934797841,-0.263875054974836,-1.001046997775736
0.10012231878425905,-0.18921392736492487,-0.04229631413198104,0.6109849162268766,0.14464215886891602
0.632411594987274,-1.0411100740664891,-0.8676306363475789,-1.6152452180438543,-1.4199126273776446
1.3352151050458925,-0.044803325941946776,0.7144061525951622,1.1874797129378714,-0.39117242880635894
1.2814132633451603,0.9968286775505485,0.9250521241286447,-0.1296534889146777,1.156114232425255
-0.23796384331160644,0.48919916836579647,0.9521659375039769,1.7425229976558871,1.2886159713031273
0.14390405813545631,0.07158301272166413,-0.2743002337718118,-0.6416280705113069,-2.1289601095616333
0.2575697527676552,-0.056626644331693926,-0.06555331754056376,0.5175365981536018,-0.511561015193324
-1.307920320921582,-1.0469185917383157,0.053940779640844955,0.041940818889408316,-0.5670435337759685
0.8837325119990814,0.22299971313206357,-0.44873854132498375,-0.13740798641301255,0.5195435077185134
0.8142890912710041,1.6290405017300358,-0.5889403729304981,-0.7278871838333217,1.3815133521843241
-1.162250101581513,-0.08654831253108011,0.5784675270628823,1.3505677732950647,0.5713752899658167
2.1191739520998745,2.231444787001627,0.7273831024675157,1.2733654325705743,-0.1598572458287516
-0.09097330092244771,1.3021698172826002,1.4295304254011572,0.3468805085001323,1.1236893275556943
2.277437616739412,1.723693503699141,-0.13403735053967028,-0.3281362064507615,1.760030648666514
-0.792549025303517,-1.1483891921240645,-0.21613531454698942,0.25599294252996535,-2.127139115292378
-0.010445429380813845,0.23687627714284815,0.8046515549517018,0.6679995255819493,0.2524972828069542
-1.03993443562359,-2.245463276597492,-3.2335369023889227e-4,0.5156449978553643,-0.14664520476945064
-1.871532467590853,-1.473914264345796,-0.667993861653025,-0.8273366945980847,-0.2566229975259791
-0.6900675590506348,0.8232291738235393,-0.18679305093080698,0.9233027081276564,-0.1538526223412692
0.4807850247859013,-0.2063079916250912,0.19509981824337552,-0.6394606373068904,-1.011320721178728
0.4218071975681368,0.4858184037079249,0.6563330255455857,1.6739021877431888,3.099808561439094
1.2669460703588133,1.1899817606120682,1.0972577543439854,-0.8483424718504455,0.046084856008898806
0.6608075748786314,1.4877730589035156,-1.249699546908843,-1.2030214778323378,0.5769096077401206
-0.43247021397907903,-1.0159828268385365,0.08233514705904627,-0.6280802163383248,1.1332313181435125
0.23545981243533845,0.8138786911701588,1.1134389566422827,0.7612108119508243,-0.5710084489840397
-1.615065137282846,-3.132110160848136,-1.7837298087707407,-1.3404112662217447,-1.4173231328124696
0.12024244030845538,0.3647076456175449,0.47624130027165906,0.0983840803326661,0.562132493860402
-0.2870668408784048,0.9877557424625547,-0.1523626948021647,0.15808545812219182,-0.9682682005531231
0.08020722470398609,0.10692951359207198,-0.7498697153725922,-0.9435814273625045,-0.6523679706214068
-0.2772450500986342,-0.3784933461762895,-0.10449125105398734,0.04896701112559526,0.960533459920628
0.010460638319486792,0.6690468858101579,-0.2567182035622244,1.2544774245332997,0.6455065296455766
-2.064316014492548,-0.4168519090900139,-1.0138150876198921,0.3000124986048552,-0.19769711643059912
-2.0889573552226026,0.10673192910382118,-1.5469979672733019,-0.2778193054108284,-1.614171717907188
-0.9314548403887515,-1.2119538452123146,1.2086387847239548,0.5325490733341229,0.2924155599564567
-1.1854511628520588,-2.281230379756267,0.0844918367736863,0.06289111456987201,1.4956382098709453
0.34344247148623563,1.5451572990579092,-0.35575543612008087,-0.803773996294063,-0.19018282041778029
0.2163441593717665,0.8806971447262495,-1.2835124273731726,-1.2973339908489123,-1.9971627547090711
0.5496025886664597,0.8912063506285951,-0.121106715793949,1.6537049969109117,1.1233006294150842
-1.2762579672552796,-0.3453033557191542,-2.676177693675733,-2.718783011431564,-0.36282064037513395
-0.10362741290627264,1.2111265942389453,0.5025416602534706,-0.8785234544699965,1.7660657644511368
0.7262656527549152,2.485930322649062,1.2180835723761145,0.7676572281452116,-0.2840302169580947
0.19602068344105783,0.9024942330467696,0.3214524150434127,-0.418117917154765,0.3173642272922036
-0.015131284472983286,-0.031457191719561545,-0.4510896484285125,0.6695319044284702,-0.804176248230879
-2.0264806825350385,-1.7941848871070354,-1.4950312929078586,-0.4415931526373142,0.4876902932453308
0.32392632918391207,-0.18971091774472776,-1.433592740147215,-0.4950389859657722,-1.3695817406802768
0.13072766283210838,-0.5443251042568302,-0.2511692123407183,-0.058575775960613224,0.25662655452144073
-0.06493372763106797,-0.06352521416156243,2.305123993283119,1.1051606414679578,1.2973399245656976
1.6591680992286861,-0.25954099921249285,0.3380240477556187,-0.05747650308783836,1.3336082304637533
-0.7232863961022747,0.6684855223261343,0.23406118756369212,0.3153226824277211,0.1512222643149363
-0.7581775770294571,-1.6368156985861575,-1.567193819939976,-2.650985331125437,-2.204884954917475
1.0369706674868207,0.1578022251084638,1.748856309221205,1.6031309873109811,1.6989349613237363
-0.9371901850686037,-1.1456514791407026,-0.7038953145935557,-0.7898765174344995,-0.22637763025725868
0.614443167567538,2.1314947918770484,-0.5804028064146165,-0.4009018852961817,0.38636290021533415
-0.15725498350632683,-0.705714115226036,-1.750655665629514,-0.6937185173957042,-2.6169505294871267
1.7072075788621786,2.0216797246129117,-1.1440629879847135,0.5577619886082799,1.1571414103199178
0.3680973479600613,0.834443711043318,0.4648808638875327,-0.9804790385458286,-1.3476008903505505
0.2607383453148455,1.4854266121075772,0.3317747192099114,1.2728606457126437,0.485586955709295
-0.9941458314789434,-1.3242451416796621,-0.2985108775885177,0.7333528401849223,-1.5566422349238853
-0.7861996655540255,-0.6550180936130101,-1.4769681186266608,-0.522443166245669,-1.7022807430370337
-1.5065118833232765,0.14844479631598087,-1.7361948278654318,-2.091273475779161,-1.1819214277847327
1.6100431917171794,0.2523323310034168,-1.3970834072380314,-1.6116103153511285,-1.643635326076343
-2.3511650307793066,-2.138190042389101,-1.0745581088099867,-0.9358359406834846,0.43669270630160784
-0.8847264080580306,-0.6115155569947528,-0.8761809495593968,-0.76538762888349,-1.150025265168638
0.5318026803959188,-0.22542056462420454,0.9131875503069382,0.16210822447470957,-1.3665758796930099
-1.1116458583729596,-0.18378275231407298,0.9011814108454814,-0.7506411548582782,-0.6026982405380406
0.2541109454956044,-0.702808495067291,1.2186475512691184,1.1043252586246177,1.3498926458451879
-0.22655669538250434,1.1683486676746644,0.6113871890587552,-1.0554630956483737,0.3175836602486096
-0.9880765818726841,-1.4447820935995639,-0.048418824573336794,-2.1151026240064956,0.6148797715247545
-0.22406933295695197,-0.012618693012819406,-0.5280957804085786,-0.29724975230557144,-0.8251720924584327
0.42384774426295857,-0.06682190608280461,-0.403056599150704,-0.7225104165540581,-0.8761198769698838
1.1999567980046866,1.6110399223330152,0.1328159671526533,0.9531753576195672,-0.4324105261089608
0.7142725403871746,-1.4803003084817425,0.845615425778151,0.5553693249145091,1.3076658160029606
0.9770373530734261,1.581810841864205,0.061396661431024485,-0.5399688189853542,0.7968447241624379
-0.8636052895399919,-0.8025043871035481,0.4752846263102162,-0.15883733723441745,-0.09307868813598007
-0.01455819713257317,6.713725250024893e-4,0.4767147536695738,1.8873537834415852,1.0105295436742356
1.302937506016346,-0.4228533048493281,-0.9033529780625291,-0.9033834468713706,-1.1351277188399627
1.6238350289941414,0.7544339411206489,1.0872141476037138,0.8477672842440493,-0.9009797195238725
-1.7643362952122632,-1.1859969028129733,-1.2001049553029914,-0.6644788043654839,-1.4819576347276373
-0.2559935898153639,0.5007202508075533,-0.6184624030888787,-0.5206413207304321,-0.5939489077491755
0.5480049903477223,-0.17340857724699288,-0.295537520911806,1.460020396354442,0.8925970710241595
-1.0119316839352392,0.5554061438560737,0.30801113753159015,-1.2780925982477562,0.9448121893533672
1.173229310582312,-0.8083527118320193,0.4015907247847531,0.26481720731393443,-0.07489848534718625
-0.6236454661024374,0.2712203695851289,-0.9856584502980547,-0.349250838914628,0.78699185339503
-0.4089862676847186,0.43197147205104425,0.5315597330225916,-0.5873859717497187,-0.9196632362507169
2.234050802770445,0.3533609243972133,1.3105136325276046,0.3012052008922248,-1.27431406255617
-0.10407610154204483,-0.0849105764158671,1.9475282418871984,0.8619661115685073,-0.29927436948505004
-0.38768300835122166,0.3501147975014195,-1.0379559588955996,-0.07364857851103354,0.4051378176993232
-0.6665784503424256,0.34587636173566016,-1.789408169501517,-1.6244661568359162,-1.7276650562779912
-0.6290913114026142,-1.1756796557265368,-0.6705563638372277,-0.7652973948189283,-0.4781957879543302
-1.6900714647936501,-0.5923885891923732,1.4896231202150219,1.153874525552343,1.8693506294850688
0.041472403985022964,-0.05981047948996685,-1.3730713902622522,-1.3019124352746907,0.17546970704226145
-0.5220615050873496,-0.03787787000032053,-0.2581716834539543,-0.008216679429238094,1.2858755444786991
-1.3880524031076158,-0.49191991796189827,0.42959159644860895,0.4833250029508421,-0.13602874670701848
-0.27758496334016947,0.8283727795362584,0.6597418172656381,-0.6931467021659025,-1.6313937663112246
-0.7407876843606113,0.11552457052095705,-2.1252718019741064,-3.7701086493469114,-2.0060392142838595
-0.14514135637194853,0.673904162953549,0.9692563554828268,1.056665752740356,1.655079174177843
0.08779233657197394,0.8678507380892796,-0.7772704415108219,0.5997608470719649,-1.1884893189888928
1.8995287499324314,0.5877762439380102,1.0959244721949835,1.1829037759162695,1.2269769881693517
-0.44522165314464485,-0.7950871090941599,0.33838136643563,0.1191559389953107,-1.6231475793436432
-0.21578025900780262,0.07177319428834539,-1.5951413500941407,-0.12689961727189214,-1.9811195648888427
-0.024251852774458293,-1.3013466439820596,-1.8205667244684092,-0.9110936089820153,-0.8460520007026184
2.015456818869335,-0.25458258842707526,1.5676090605054473,1.5445742927867951,1.4766893708000637
-0.8250834312735882,-0.7887743934898301,0.8840510747525133,-0.36441928925634964,-0.5264592342726238
-0.7183497543479522,-0.15344794665793915,-2.5441213689575366,-0.8223489434568323,-0.9298434283798801
-0.06885051119290564,-1.5034248071952057,0.42546764353322264,0.39709976185505325,2.3430830102873856
0.542798168206124,0.5661724089626676,0.5980622015071713,-0.1935860854084095,-1.0141424787480542
-1.0085503159202875,-0.6358176589025489,-4.7722753202804336e-4,1.0949687455576969,0.7269921773073506
-0.16387353454151732,-0.05473764789777298,-0.6365257503111923,-0.43469907715317235,0.2022620406610979
-0.8515329354624193,-0.026433792666952755,-0.7724542569448417,-0.6492569979829222,0.2845250374711877
-0.9157119179340685,0.4524893875012411,-1.527588000521925,-0.5452539971492076,-1.955529855980155
-0.4880697274772747,0.4621998676349157,0.4577491892476083,0.3397379582318952,-0.5498037093427813
-0.4827298538425037,0.3601471813338442,-0.19537434001359053,-0.30275245325373856,0.08209712094871298
-2.0066851099219307,-1.2026867632364195,-1.1389044654794473,-1.4896387910576816,-2.894359638423635
-0.5394383009140298,-1.3082924732006487,0.7208064868564219,-0.3782073939837122,-0.16245657191220547
-0.4314224362949368,0.23691809796841432,-0.6889119109607376,0.05367606772096893,0.397829735801938
1.0121277550092431,1.4526478466562966,1.572335985352604,1.1071879647257012,-0.9408595532443484
-0.11432439260949048,0.4073959079082027,0.48787506586226337,0.07318341415333454,-1.0764834628754192
-0.3027129523530918,-0.7689556223968249,0.21646740246359553,0.9258822265650245,0.6450866328348439
0.2054192397830079,0.14726901519425345,1.072594867765173,-1.2564249038582642,-0.2242176837100808
-0.3843458974387911,-0.8396261799541047,1.2288776006504483,1.589013949270668,0.03663408266430256
0.053113296942624955,0.5016806517896947,-0.2481317096583891,1.3340085498403915,0.8368520852519461
1.4583320473471724,0.5768468511627709,0.6170685466989253,0.4597979177149859,-0.9798201977451124
0.6202416405627372,-2.4548879506357117,-0.07985809335745564,1.3629027086881913,1.1006639683519885
-2.7598378051277845,-1.0996931355835555,-0.8568163909502226,0.11320181230697668,0.13673508342558865
-0.17633389290596502,0.2566996209145459,-0.7392921626308722,-2.016495954665235,-0.7567441508784176
-0.4805752395442693,0.11100522635266821,0.03790301567863966,1.0877299654612054,0.5255751778064327
0.9413247316657769,2.3339710726373335,1.7828424546545847,0.32377167317396593,0.34394835936446394
0.42206383062540176,1.203479319138342,-0.883747868722723,1.2078288405075064,1.2879857793974197
0.24667501596805452,0.7895834895242121,0.5808020512482397,-0.35025266816585626,0.3719895344779012
0.621189140705115,0.36401042213655654,-0.5664061382688337,-0.4987086528860806,-0.20135937281142183
-0.5853663291602852,0.8689679445447676,0.17291036364707407,1.0302368147547027,0.9777239898237196
-3.1691323641931173,0.031202115889764737,-1.1921372146842772,-1.7012055223694937,-0.39013323150583956
0.12594654542651415,0.2560277703921557,-0.4978787869419323,0.19390901183039067,1.1205508989967221
1.6719187206140096,2.750119181282272,1.0576833118045523,-0.5869305015071122,-0.8280627880060725
0.16615257179489784,0.3535856027163752,-0.5396229002913127,0.5702215234632132,-0.013722057017912542
0.6749628256244057,1.4583828696293712,1.001694929327729,-1.14272804908521,1.809494672924425
-0.5764454278075353,-0.18202237831172738,0.10695551253504193,0.2767297161623112,-0.20988098456638693
-0.0336377240074634,-0.2566679972694431,-0.08535182226512228,-1.1408360354616294,0.9581291397864714
0.7534496633890477,0.19693357783524335,-0.5711939420537189,-0.3057715263027496,-1.4797862151895242
0.6622196700628823,1.571590799055127,0.6780017121595252,0.8149210434089373,2.1561239229131246
0.38656469007025196,-0.738559571845761,-0.11695299556561845,0.12652461581377805,-0.6134725521760885
-0.6650098986353722,0.32298895293357194,0.1015997113362753,-0.056753122316423266,-0.8445158477955441
0.7904436270287953,0.9822327277576407,0.5320802136348063,1.122949750546911,1.6008997356575976
0.14375026859326068,1.1640025832662968,-2.262343760364178,-0.7243708719821831,-1.3551785754643306
-2.2471643261596084,-0.23542214908180675,-0.8232626381090371,0.2789545434265199,0.6886973307453338
0.07373426415062101,-0.6527018490672392,-2.747735904962618,-2.031340026711224,-2.4847749772312726
-0.08816197756995348,-0.28247751554587497,-0.6703960272139292,0.4568746391930148,0.1023223824769264
0.5590976840782189,1.6391980611566843,-1.9253850634614662,-0.15543450475625636,0.15044667785838176
-1.9109713741080672,-1.1005200400553603,1.6686954144081763,0.3309076370251083,0.5443184280118623
0.46790739429238515,0.11780729475548253,0.4672647706537112,-0.4304353861097928,-1.1080192429287927
1.5107732987807028,1.2647590100747497,2.6777205065640377,0.46856255037717076,0.024562144657720275
0.41691716676286417,0.8540829414358158,0.4149650666095444,2.1813394740454557,2.044820047262863
-1.0152878584813048,0.3762626532669629,-0.7629217531821122,1.7175616248107626,0.041907510818185695
0.7315597758064415,0.12438665838070019,0.9411704775955068,-0.1874794823924311,0.27217347073889103
0.4672955179422219,1.171631061755395,-0.7610682114372671,-1.1418455222543873,0.425275287057718
1.2606378156527818,0.3299978176729687,2.935752757199743,0.8778210148776072,1.5696115915809752
1.448551766667411,1.0553247454908214,-0.05138549495940481,0.9380691523180585,2.0356161341474173
1.8980675846022226,0.9767749870219621,0.7370653091201457,1.0152852029491082,-1.2961192764096767
-1.5739932897763764,-0.7374126496990443,-0.497676542578228,-1.2745012814556536,1.1010467598160345
-0.5507077113831402,2.848662245491863,0.7727211174979273,0.5647883127257598,0.35855468359598197
1.674954750783813,-0.0992662849585502,0.5330901357089441,0.49467049644678024,-0.12562777304776857
-0.3144898413991778,-0.8366275431534648,-0.5027509930220788,1.0758747929796542,0.2817346097132171
-0.5492168224205666,0.7372433972332298,-0.7761087148438933,0.8538108028279479,1.2038287618326666
0.777415818745901,0.44005575369981537,-0.925519512558247,-0.9875930816019468,0.46768736225122537
-1.606597386676834,-1.8018853675013389,-0.6421731161393454,-1.7999081661951122,-2.2811556524405376
1.9338315187504698,2.2067428051529334,-0.9450021922777279,-0.5487553759732688,1.7673433842352417
-0.4191546111096655,0.9415874548606162,-0.8929331152676903,-0.006067182372805596,2.0214526760814415
0.35331466986550675,-1.371345038972986,0.04247619987392437,1.8618190435053168,0.6989152698079383
-0.3502549158811558,-0.6202336252466168,-0.8615442606845141,-1.987880195112496,-1.3642273244160548
-0.8168747667935667,0.5515044746726312,2.2318321531618466,-0.18366469697709742,0.8086086841217106
1.108058446063519,-0.8206852208382963,0.2799145154755676,-0.4155331104115231,-0.04443992271105597
0.495040543154264,0.356683788768446,-0.3112273375817731,-2.399228882992446,-0.7414017578111711
0.4687279180944255,0.8078207576095335,0.24009344630452717,1.4931103383220468,0.6254502729250735
-1.175899603687411,0.4706349981505963,-0.9782994151183019,-2.3032188445516253,-1.5055602665340544
0.04905299691422681,-1.65547405058539,-0.5045863097074645,-1.2489748770922269,1.263230456573425
0.7714115586743555,0.9771544858146003,1.3976666347008995,1.3592178457259712,-1.3088155130257642
0.6281878134515765,-1.139071324942223,0.3734057415326694,-1.0992180451665372,-0.5393406443802996
-0.5791158250088188,-0.1351112613293498,1.076904379202546,-0.47146821389293214,0.9110969087520138
-1.4571102735227734,-0.7610101181847877,0.7790486223757136,0.051983315757243465,0.2774656347984045
0.5589837282892591,-0.12619659585670218,0.22921855941931157,-1.0327861606921505,0.8153505817025769
-0.731754003947055,-0.3458843219779661,-1.575178921176732,0.26445289284117546,-1.2857061289728164
0.4893037446435698,1.433377160196363,1.0042939812688827,1.3232404637802349,0.29632674421101174
1.4432772483641743,0.3767589398882246,-0.5749954008396838,0.10588900467850437,0.5411496658713247
-0.3346299529868958,0.46160065685966895,-0.4161000735689767,0.5580604781072418,0.810256443883166
